model_name,package_name,module_path,model_kind
AcceptanceOperator,bijux-proteomics-lab,bijux_proteomics_lab/outcomes.py,strenum
AcceptedPsmProvenanceEntry,bijux-proteomics-core,bijux_proteomics/identification/__init__.py,jsonmodel
AcceptedPsmProvenanceReport,bijux-proteomics-core,bijux_proteomics/identification/__init__.py,jsonmodel
AdapterConformanceRouteRequest,bijux-proteomics-core,bijux_proteomics/interfaces/api.py,jsonmodel
AdapterConformanceRouteResponse,bijux-proteomics-core,bijux_proteomics/interfaces/api.py,jsonmodel
AdductHypothesis,bijux-proteomics-core,bijux_proteomics/chemistry/isotope_adduct_annotation.py,jsonmodel
AdvancedIntelligenceReviewPacket,bijux-proteomics-intelligence,bijux_proteomics_intelligence/evaluators.py,jsonmodel
AdvancementEvidenceItem,bijux-proteomics-lab,bijux_proteomics_lab/planning.py,jsonmodel
AdvancementEvidencePacket,bijux-proteomics-lab,bijux_proteomics_lab/planning.py,jsonmodel
AdvisoryAssayPlan,bijux-proteomics-lab,bijux_proteomics_lab/planning.py,jsonmodel
AdvisoryAssayRecommendation,bijux-proteomics-lab,bijux_proteomics_lab/planning.py,jsonmodel
AgentMetadata,bijux-proteomics-runtime,bijux_proteomics_runtime/agents/schemas.py,basemodel
AgentScorecard,bijux-proteomics-runtime,bijux_proteomics_runtime/execution/evaluation/schemas.py,basemodel
AgenticProteinsMigrationItem,bijux-proteomics-core,bijux_proteomics/adoption/__init__.py,jsonmodel
AgenticProteinsMigrationReport,bijux-proteomics-core,bijux_proteomics/adoption/__init__.py,jsonmodel
AlternativeAssayPlanComparison,bijux-proteomics-lab,bijux_proteomics_lab/handoffs.py,jsonmodel
AlternativeAssayPlanOption,bijux-proteomics-lab,bijux_proteomics_lab/handoffs.py,jsonmodel
AnalysisProtocol,bijux-proteomics-intelligence,bijux_proteomics_intelligence/design_loop/loop.py,protocol
AnalyticalContrastRecommendation,bijux-proteomics-intelligence,bijux_proteomics_intelligence/interpretation.py,jsonmodel
AnalyticalContrastRecommendationReport,bijux-proteomics-intelligence,bijux_proteomics_intelligence/interpretation.py,jsonmodel
AnalyticalContrastRejectionReason,bijux-proteomics-intelligence,bijux_proteomics_intelligence/interpretation.py,strenum
AnalyticalValueSignal,bijux-proteomics-intelligence,bijux_proteomics_intelligence/skeptical_review.py,jsonmodel
AnnotatedSpectrumBundle,bijux-proteomics-core,bijux_proteomics/io/spectra.py,jsonmodel
AnnotationCategory,bijux-proteomics-intelligence,bijux_proteomics_intelligence/interpretation.py,strenum
AnomalyInterpretationRecommendation,bijux-proteomics-intelligence,bijux_proteomics_intelligence/decision_paths.py,jsonmodel
ApiCandidate,bijux-proteomics-runtime,bijux_proteomics_runtime/api/v1/schema.py,basemodel
ApiCandidateStructure,bijux-proteomics-runtime,bijux_proteomics_runtime/api/v1/schema.py,basemodel
ApiEnvelope,bijux-proteomics-runtime,bijux_proteomics_runtime/api/v1/schema.py,basemodel
AppliedModification,bijux-proteomics-core,bijux_proteomics/chemistry/__init__.py,jsonmodel
ApprovalMode,bijux-proteomics-core,bijux_proteomics/biology/regulator.py,strenum
ArchiveRetentionPackage,bijux-proteomics-core,bijux_proteomics/collaboration/__init__.py,jsonmodel
ArchiveRetentionPackageInput,bijux-proteomics-core,bijux_proteomics/collaboration/__init__.py,jsonmodel
ArchivedArtifactDescriptor,bijux-proteomics-core,bijux_proteomics/workflow/runtime.py,jsonmodel
ArtifactExpectation,bijux-proteomics-runtime,bijux_proteomics_runtime/runtime/control/execution_surfaces.py,jsonmodel
ArtifactFormat,bijux-proteomics-runtime,bijux_proteomics_runtime/runtime/contracts.py,strenum
ArtifactIntegrityIssue,bijux-proteomics-runtime,bijux_proteomics_runtime/runtime/control/integrity.py,jsonmodel
ArtifactIntegrityReport,bijux-proteomics-runtime,bijux_proteomics_runtime/runtime/control/integrity.py,jsonmodel
ArtifactInventoryEntry,bijux-proteomics-core,bijux_proteomics/workflow/runtime.py,jsonmodel
ArtifactInventoryRecord,bijux-proteomics-core,bijux_proteomics/workflow/reproducibility.py,jsonmodel
ArtifactInventoryVerificationIssue,bijux-proteomics-core,bijux_proteomics/workflow/reproducibility.py,jsonmodel
ArtifactInventoryVerificationReport,bijux-proteomics-core,bijux_proteomics/workflow/reproducibility.py,jsonmodel
ArtifactLedgerEntry,bijux-proteomics-runtime,bijux_proteomics_runtime/runtime/control/ledger.py,jsonmodel
ArtifactLookupResponse,bijux-proteomics-runtime,bijux_proteomics_runtime/api/v1/schema.py,basemodel
ArtifactMetadata,bijux-proteomics-runtime,bijux_proteomics_runtime/state/schemas.py,basemodel
ArtifactRegistryEntry,bijux-proteomics-core,bijux_proteomics/workflow/runtime.py,jsonmodel
ArtifactRiskReport,bijux-proteomics-knowledge,bijux_proteomics_knowledge/evidence.py,jsonmodel
ArtifactTrustLevel,bijux-proteomics-core,bijux_proteomics/workflow/reproducibility.py,strenum
AssayAcceptanceRule,bijux-proteomics-lab,bijux_proteomics_lab/outcomes.py,jsonmodel
AssayCategory,bijux-proteomics-lab,bijux_proteomics_lab/outcomes.py,strenum
AssayContradictionPressure,bijux-proteomics-lab,bijux_proteomics_lab/planning.py,jsonmodel
AssayDefinition,bijux-proteomics-lab,bijux_proteomics_lab/outcomes.py,jsonmodel
AssayDependency,bijux-proteomics-lab,bijux_proteomics_lab/planning.py,jsonmodel
AssayDesignComparisonEntry,bijux-proteomics-core,bijux_proteomics/lab/planning.py,jsonmodel
AssayDesignComparisonReport,bijux-proteomics-core,bijux_proteomics/lab/planning.py,jsonmodel
AssayDesignProfile,bijux-proteomics-core,bijux_proteomics/lab/planning.py,jsonmodel
AssayExecutionBurden,bijux-proteomics-lab,bijux_proteomics_lab/planning.py,jsonmodel
AssayExpectedEvidenceGainEntry,bijux-proteomics-core,bijux_proteomics/lab/operations.py,jsonmodel
AssayExpectedEvidenceGainInput,bijux-proteomics-core,bijux_proteomics/lab/operations.py,jsonmodel
AssayExpectedEvidenceGainReport,bijux-proteomics-core,bijux_proteomics/lab/operations.py,jsonmodel
AssayFailureTriage,bijux-proteomics-lab,bijux_proteomics_lab/outcomes.py,jsonmodel
AssayFamily,bijux-proteomics-lab,bijux_proteomics_lab/planning.py,strenum
AssayIntent,bijux-proteomics-lab,bijux_proteomics_lab/planning.py,jsonmodel
AssayLifecycleDecision,bijux-proteomics-lab,bijux_proteomics_lab/lifecycle.py,jsonmodel
AssayLifecycleStage,bijux-proteomics-lab,bijux_proteomics_lab/lifecycle.py,strenum
AssayLifecycleState,bijux-proteomics-lab,bijux_proteomics_lab/lifecycle.py,jsonmodel
AssayObservation,bijux-proteomics-lab,bijux_proteomics_lab/planning.py,jsonmodel
AssayObservationRecord,bijux-proteomics-lab,bijux_proteomics_lab/outcomes.py,jsonmodel
AssayOutcome,bijux-proteomics-lab,bijux_proteomics_lab/outcomes.py,jsonmodel
AssayPlanKind,bijux-proteomics-lab,bijux_proteomics_lab/planning.py,strenum
AssayPortfolioBalanceReport,bijux-proteomics-lab,bijux_proteomics_lab/planning.py,jsonmodel
AssayProgressionModel,bijux-proteomics-core,bijux_proteomics/lab/planning.py,jsonmodel
AssayProgressionState,bijux-proteomics-core,bijux_proteomics/lab/planning.py,strenum
AssayProgressionTransition,bijux-proteomics-core,bijux_proteomics/lab/planning.py,jsonmodel
AssayReadinessRow,bijux-proteomics-lab,bijux_proteomics_lab/outcomes.py,jsonmodel
AssayRequirement,bijux-proteomics-core,bijux_proteomics/domain/assays.py,basemodel
AssayRerunAction,bijux-proteomics-lab,bijux_proteomics_lab/outcomes.py,jsonmodel
AssayResultState,bijux-proteomics-lab,bijux_proteomics_lab/outcomes.py,strenum
AssayRiskAssessment,bijux-proteomics-lab,bijux_proteomics_lab/risk.py,jsonmodel
AssayRiskCode,bijux-proteomics-lab,bijux_proteomics_lab/risk.py,strenum
AssayRiskFinding,bijux-proteomics-lab,bijux_proteomics_lab/risk.py,jsonmodel
AssayRiskSeverity,bijux-proteomics-lab,bijux_proteomics_lab/risk.py,strenum
AssessmentMetricCoverageReport,bijux-proteomics-intelligence,bijux_proteomics_intelligence/evaluators.py,jsonmodel
BatchClaimBeliefUpdate,bijux-proteomics-lab,bijux_proteomics_lab/outcomes.py,jsonmodel
BatchEffectAdvisoryReport,bijux-proteomics-core,bijux_proteomics/quantification/__init__.py,jsonmodel
BatchEffectBatchEntry,bijux-proteomics-core,bijux_proteomics/quantification/__init__.py,jsonmodel
BatchEvidencePromotionReport,bijux-proteomics-lab,bijux_proteomics_lab/outcomes.py,jsonmodel
BatchFailureTriageReport,bijux-proteomics-lab,bijux_proteomics_lab/outcomes.py,jsonmodel
BatchOutcomeAssessment,bijux-proteomics-lab,bijux_proteomics_lab/outcomes.py,jsonmodel
BatchPromotionPolicy,bijux-proteomics-lab,bijux_proteomics_lab/outcomes.py,jsonmodel
BatchRandomizationPlan,bijux-proteomics-lab,bijux_proteomics_lab/design.py,jsonmodel
BatchReadinessMatrix,bijux-proteomics-lab,bijux_proteomics_lab/outcomes.py,jsonmodel
BatchRerunPlan,bijux-proteomics-lab,bijux_proteomics_lab/outcomes.py,jsonmodel
BenchmarkCorpusClass,bijux-proteomics-core,bijux_proteomics/benchmarks/__init__.py,strenum
BenchmarkCorpusDescriptor,bijux-proteomics-core,bijux_proteomics/benchmarks/__init__.py,jsonmodel
BenchmarkManifest,bijux-proteomics-knowledge,bijux_proteomics_knowledge/references/benchmarks.py,jsonmodel
BenchmarkMetricEntry,bijux-proteomics-core,bijux_proteomics/benchmarks/__init__.py,jsonmodel
BenchmarkOutputBundle,bijux-proteomics-core,bijux_proteomics/benchmarks/__init__.py,jsonmodel
BenchmarkReviewArtifact,bijux-proteomics-intelligence,bijux_proteomics_intelligence/benchmark_reviews.py,jsonmodel
BenchmarkReviewClaim,bijux-proteomics-intelligence,bijux_proteomics_intelligence/benchmark_reviews.py,jsonmodel
BijuxCoreIntegrationContractInput,bijux-proteomics-core,bijux_proteomics/adoption/__init__.py,jsonmodel
BijuxCoreIntegrationContractReport,bijux-proteomics-core,bijux_proteomics/adoption/__init__.py,jsonmodel
BiologicalTheme,bijux-proteomics-intelligence,bijux_proteomics_intelligence/interpretation.py,jsonmodel
BiologicalThemeExtraction,bijux-proteomics-intelligence,bijux_proteomics_intelligence/interpretation.py,jsonmodel
BundleFreshnessReport,bijux-proteomics-knowledge,bijux_proteomics_knowledge/evidence.py,jsonmodel
BundleIntegrityIssue,bijux-proteomics-knowledge,bijux_proteomics_knowledge/evidence.py,jsonmodel
BundleTrustReport,bijux-proteomics-knowledge,bijux_proteomics_knowledge/evidence.py,jsonmodel
CacheDecisionExplanationEntry,bijux-proteomics-core,bijux_proteomics/workflow/reproducibility.py,jsonmodel
CacheDecisionExplanationReport,bijux-proteomics-core,bijux_proteomics/workflow/reproducibility.py,jsonmodel
CacheDecisionOutcome,bijux-proteomics-core,bijux_proteomics/workflow/reproducibility.py,strenum
CalibrationPlotBin,bijux-proteomics-core,bijux_proteomics/identification/__init__.py,jsonmodel
CalibrationPlotData,bijux-proteomics-core,bijux_proteomics/identification/__init__.py,jsonmodel
Candidate,bijux-proteomics-intelligence,bijux_proteomics_intelligence/domain/candidates/schema.py,basemodel
CandidateAssayAgendaItem,bijux-proteomics-intelligence,bijux_proteomics_intelligence/candidates.py,jsonmodel
CandidateAssessment,bijux-proteomics-intelligence,bijux_proteomics_intelligence/briefs.py,jsonmodel
CandidateComparisonInput,bijux-proteomics-core,bijux_proteomics/intelligence/__init__.py,jsonmodel
CandidateComparisonPacket,bijux-proteomics-core,bijux_proteomics/intelligence/__init__.py,jsonmodel
CandidateDecision,bijux-proteomics-intelligence,bijux_proteomics_intelligence/candidates.py,jsonmodel
CandidateDecisionDisposition,bijux-proteomics-knowledge,bijux_proteomics_knowledge/review.py,strenum
CandidateDecisionGraphExplanation,bijux-proteomics-knowledge,bijux_proteomics_knowledge/review.py,jsonmodel
CandidateDecisionGraphQuery,bijux-proteomics-knowledge,bijux_proteomics_knowledge/review.py,jsonmodel
CandidateExplainabilitySummary,bijux-proteomics-intelligence,bijux_proteomics_intelligence/briefs.py,jsonmodel
CandidateFollowUpSignal,bijux-proteomics-lab,bijux_proteomics_lab/lifecycle.py,jsonmodel
CandidateHandoffValidation,bijux-proteomics-lab,bijux_proteomics_lab/lifecycle.py,jsonmodel
CandidateLabAdvancementDecision,bijux-proteomics-lab,bijux_proteomics_lab/lifecycle.py,jsonmodel
CandidateLabAdvancementDisposition,bijux-proteomics-lab,bijux_proteomics_lab/lifecycle.py,strenum
CandidateLifecycleEvent,bijux-proteomics-core,bijux_proteomics/review/__init__.py,jsonmodel
CandidateLifecycleReplayEntry,bijux-proteomics-core,bijux_proteomics/review/__init__.py,jsonmodel
CandidateLifecycleReplayReport,bijux-proteomics-core,bijux_proteomics/review/__init__.py,jsonmodel
CandidateLifecycleSummary,bijux-proteomics-intelligence,bijux_proteomics_intelligence/candidates.py,jsonmodel
CandidateLike,bijux-proteomics-core,bijux_proteomics/execution/contracts.py,protocol
CandidatePortfolio,bijux-proteomics-intelligence,bijux_proteomics_intelligence/candidates.py,jsonmodel
CandidatePriorityEntry,bijux-proteomics-core,bijux_proteomics/intelligence/__init__.py,jsonmodel
CandidatePriorityReport,bijux-proteomics-core,bijux_proteomics/intelligence/__init__.py,jsonmodel
CandidatePrioritySignal,bijux-proteomics-lab,bijux_proteomics_lab/planning.py,jsonmodel
CandidateProposal,bijux-proteomics-intelligence,bijux_proteomics_intelligence/candidates.py,jsonmodel
CandidateRanking,bijux-proteomics-intelligence,bijux_proteomics_intelligence/briefs.py,jsonmodel
CandidateRankingProvenanceReport,bijux-proteomics-intelligence,bijux_proteomics_intelligence/briefs.py,jsonmodel
CandidateRankingSensitivityReport,bijux-proteomics-intelligence,bijux_proteomics_intelligence/briefs.py,jsonmodel
CandidateRejection,bijux-proteomics-intelligence,bijux_proteomics_intelligence/outcomes.py,jsonmodel
CandidateReviewMovement,bijux-proteomics-intelligence,bijux_proteomics_intelligence/candidates.py,jsonmodel
CandidateReviewMovementReport,bijux-proteomics-intelligence,bijux_proteomics_intelligence/candidates.py,jsonmodel
CandidateRiskProfile,bijux-proteomics-intelligence,bijux_proteomics_intelligence/candidates.py,jsonmodel
CandidateScientificProfile,bijux-proteomics-intelligence,bijux_proteomics_intelligence/candidates.py,jsonmodel
CandidateScoreBreakdown,bijux-proteomics-intelligence,bijux_proteomics_intelligence/briefs.py,jsonmodel
CandidateScreeningResult,bijux-proteomics-intelligence,bijux_proteomics_intelligence/candidates.py,jsonmodel
CandidateStatus,bijux-proteomics-intelligence,bijux_proteomics_intelligence/candidates.py,strenum
CandidateStructure,bijux-proteomics-intelligence,bijux_proteomics_intelligence/domain/candidates/schema.py,basemodel
CandidateTransition,bijux-proteomics-intelligence,bijux_proteomics_intelligence/candidates.py,jsonmodel
CandidateUpdateToolResultLike,bijux-proteomics-intelligence,bijux_proteomics_intelligence/domain/candidates/updates.py,protocol
CandidateVariantContext,bijux-proteomics-intelligence,bijux_proteomics_intelligence/candidates.py,jsonmodel
CarryoverRiskAdvisory,bijux-proteomics-lab,bijux_proteomics_lab/design.py,jsonmodel
CarryoverRiskFlag,bijux-proteomics-lab,bijux_proteomics_lab/design.py,jsonmodel
CarryoverRiskLevel,bijux-proteomics-lab,bijux_proteomics_lab/design.py,strenum
CautiousAnomalyInterpretationPath,bijux-proteomics-intelligence,bijux_proteomics_intelligence/decision_paths.py,jsonmodel
ChromatogramQcIngestionReport,bijux-proteomics-core,bijux_proteomics/io/ingestion.py,jsonmodel
ChromatogramQcPoint,bijux-proteomics-core,bijux_proteomics/io/ingestion.py,jsonmodel
CitationRecord,bijux-proteomics-knowledge,bijux_proteomics_knowledge/references/citations.py,jsonmodel
CitationRegistryDocument,bijux-proteomics-core,bijux_proteomics/collaboration/__init__.py,jsonmodel
CitationRegistryEntry,bijux-proteomics-core,bijux_proteomics/collaboration/__init__.py,jsonmodel
CitationSourceKind,bijux-proteomics-knowledge,bijux_proteomics_knowledge/references/citations.py,strenum
ClaimBeliefDelta,bijux-proteomics-lab,bijux_proteomics_lab/outcomes.py,jsonmodel
ClaimBeliefUpdate,bijux-proteomics-knowledge,bijux_proteomics_knowledge/resolution.py,jsonmodel
ClaimConsistencyReport,bijux-proteomics-knowledge,bijux_proteomics_knowledge/claims.py,jsonmodel
ClaimContradictionMatrix,bijux-proteomics-knowledge,bijux_proteomics_knowledge/claims.py,jsonmodel
ClaimEvidenceLinkIssue,bijux-proteomics-knowledge,bijux_proteomics_knowledge/claims.py,jsonmodel
ClaimEvidenceState,bijux-proteomics-knowledge,bijux_proteomics_knowledge/claims.py,strenum
ClaimFalsifiabilityReport,bijux-proteomics-knowledge,bijux_proteomics_knowledge/claims.py,jsonmodel
ClaimPolarity,bijux-proteomics-knowledge,bijux_proteomics_knowledge/claims.py,strenum
ClaimQuery,bijux-proteomics-knowledge,bijux_proteomics_knowledge/queries.py,jsonmodel
ClaimResolutionRecord,bijux-proteomics-knowledge,bijux_proteomics_knowledge/queries.py,jsonmodel
ClaimResolutionState,bijux-proteomics-knowledge,bijux_proteomics_knowledge/claims.py,strenum
ClaimStatus,bijux-proteomics-knowledge,bijux_proteomics_knowledge/claims.py,strenum
ClaimStrengthUpdate,bijux-proteomics-knowledge,bijux_proteomics_knowledge/claims.py,jsonmodel
ClaimTrustGapReport,bijux-proteomics-knowledge,bijux_proteomics_knowledge/claims.py,jsonmodel
ClaimType,bijux-proteomics-knowledge,bijux_proteomics_knowledge/claims.py,strenum
ClaimValidationIssue,bijux-proteomics-knowledge,bijux_proteomics_knowledge/claims.py,jsonmodel
CliResult,bijux-proteomics-runtime,bijux_proteomics_runtime/interfaces/cli.py,basemodel
CliWorkflowCommandEntry,bijux-proteomics-core,bijux_proteomics/interfaces/api.py,jsonmodel
ClosedLoopPlan,bijux-proteomics-lab,bijux_proteomics_lab/planning.py,jsonmodel
CollaborationSurfaceRedactionInput,bijux-proteomics-core,bijux_proteomics/collaboration/__init__.py,jsonmodel
CollaborationSurfaceRedactionReport,bijux-proteomics-core,bijux_proteomics/collaboration/__init__.py,jsonmodel
CollaboratorChallengeEntry,bijux-proteomics-core,bijux_proteomics/collaboration/__init__.py,jsonmodel
CollaboratorChallengeInput,bijux-proteomics-core,bijux_proteomics/collaboration/__init__.py,jsonmodel
CollaboratorChallengeWorkflowReport,bijux-proteomics-core,bijux_proteomics/collaboration/__init__.py,jsonmodel
CombinedEvidenceEntry,bijux-proteomics-core,bijux_proteomics/identification/__init__.py,jsonmodel
CombinedEvidenceQuantSupport,bijux-proteomics-core,bijux_proteomics/identification/__init__.py,jsonmodel
CombinedEvidenceReport,bijux-proteomics-core,bijux_proteomics/identification/__init__.py,jsonmodel
ComparativeCandidateReviewPacket,bijux-proteomics-intelligence,bijux_proteomics_intelligence/evaluators.py,jsonmodel
CompareRequest,bijux-proteomics-runtime,bijux_proteomics_runtime/api/v1/schema.py,basemodel
CompareResponse,bijux-proteomics-runtime,bijux_proteomics_runtime/api/v1/schema.py,basemodel
ComplexMembership,bijux-proteomics-core,bijux_proteomics/domain/targets.py,basemodel
ConfidenceAssignment,bijux-proteomics-core,bijux_proteomics/identification/__init__.py,jsonmodel
ConfidenceCalibrationEntry,bijux-proteomics-core,bijux_proteomics/identification/__init__.py,jsonmodel
ConfidenceCalibrationLevel,bijux-proteomics-core,bijux_proteomics/identification/__init__.py,strenum
ConfidenceCalibrationReport,bijux-proteomics-core,bijux_proteomics/identification/__init__.py,jsonmodel
ConfidenceItem,bijux-proteomics-runtime,bijux_proteomics_runtime/state/schemas.py,basemodel
ConfidenceLabel,bijux-proteomics-core,bijux_proteomics/identification/__init__.py,strenum
ConfidenceResultFamily,bijux-proteomics-core,bijux_proteomics/identification/confidence.py,strenum
ConfidenceThresholdBundleEntry,bijux-proteomics-core,bijux_proteomics/identification/confidence.py,jsonmodel
ConfidenceThresholdSensitivityBundle,bijux-proteomics-core,bijux_proteomics/identification/confidence.py,jsonmodel
ConfidenceThresholdSensitivityEntry,bijux-proteomics-core,bijux_proteomics/identification/__init__.py,jsonmodel
ConfidenceThresholdSensitivityReport,bijux-proteomics-core,bijux_proteomics/identification/__init__.py,jsonmodel
ConfidenceVector,bijux-proteomics-intelligence,bijux_proteomics_intelligence/domain/metrics/quality.py,basemodel
ConflictAssayPolicy,bijux-proteomics-lab,bijux_proteomics_lab/planning.py,jsonmodel
ConflictCluster,bijux-proteomics-knowledge,bijux_proteomics_knowledge/resolution.py,jsonmodel
ConflictPolicy,bijux-proteomics-knowledge,bijux_proteomics_knowledge/evidence.py,jsonmodel
ConflictResolution,bijux-proteomics-knowledge,bijux_proteomics_knowledge/resolution.py,jsonmodel
ConflictResolutionPlan,bijux-proteomics-lab,bijux_proteomics_lab/planning.py,jsonmodel
ConstraintCategory,bijux-proteomics-core,bijux_proteomics/domain/constraints.py,strenum
ConstraintRiskReport,bijux-proteomics-core,bijux_proteomics/domain/constraints.py,basemodel
ContainerBuildDefinition,bijux-proteomics-core,bijux_proteomics/execution/providers.py,jsonmodel
ContainerEnvironmentCapture,bijux-proteomics-runtime,bijux_proteomics_runtime/runtime/control/execution_surfaces.py,jsonmodel
ContainerMount,bijux-proteomics-runtime,bijux_proteomics_runtime/runtime/control/execution_surfaces.py,jsonmodel
ContainerNetworkMode,bijux-proteomics-core,bijux_proteomics/execution/providers.py,strenum
ContainerRunBundle,bijux-proteomics-runtime,bijux_proteomics_runtime/runtime/control/execution_surfaces.py,jsonmodel
ContainerSmokeExecutionReport,bijux-proteomics-core,bijux_proteomics/execution/providers.py,jsonmodel
ContainerizedStepSpec,bijux-proteomics-core,bijux_proteomics/workflow/runtime.py,jsonmodel
ContaminantArtifactFinding,bijux-proteomics-intelligence,bijux_proteomics_intelligence/interpretation.py,jsonmodel
ContaminantArtifactIntelligence,bijux-proteomics-intelligence,bijux_proteomics_intelligence/interpretation.py,jsonmodel
ContextCompatibilityReport,bijux-proteomics-knowledge,bijux_proteomics_knowledge/evidence.py,jsonmodel
ContextScoringProfile,bijux-proteomics-knowledge,bijux_proteomics_knowledge/evidence.py,jsonmodel
ContradictionAwareLabRecommendation,bijux-proteomics-core,bijux_proteomics/intelligence/__init__.py,jsonmodel
ContradictionAwareLabRecommendationReport,bijux-proteomics-core,bijux_proteomics/intelligence/__init__.py,jsonmodel
ContradictionMiniStudyBundle,bijux-proteomics-core,bijux_proteomics/corpus/__init__.py,jsonmodel
ContradictionMiniStudyEntry,bijux-proteomics-core,bijux_proteomics/corpus/__init__.py,jsonmodel
ContradictionObservation,bijux-proteomics-core,bijux_proteomics/review/__init__.py,jsonmodel
ContradictionTaxonomyEntry,bijux-proteomics-core,bijux_proteomics/review/__init__.py,jsonmodel
ContradictionTaxonomyReport,bijux-proteomics-core,bijux_proteomics/review/__init__.py,jsonmodel
ContradictoryInterpretationCase,bijux-proteomics-knowledge,bijux_proteomics_knowledge/resolution.py,jsonmodel
ContradictoryInterpretationComparison,bijux-proteomics-knowledge,bijux_proteomics_knowledge/resolution.py,jsonmodel
ContradictoryInterpretationOutcome,bijux-proteomics-knowledge,bijux_proteomics_knowledge/resolution.py,jsonmodel
CoordinatorAgentInput,bijux-proteomics-runtime,bijux_proteomics_runtime/agents/schemas.py,basemodel
CoordinatorAgentOutput,bijux-proteomics-runtime,bijux_proteomics_runtime/agents/schemas.py,basemodel
CoreResultRuntimeBinding,bijux-proteomics-core,bijux_proteomics/workflow/runtime.py,jsonmodel
CorpusAssetEntry,bijux-proteomics-core,bijux_proteomics/corpus/__init__.py,jsonmodel
CorpusLicenseStatus,bijux-proteomics-core,bijux_proteomics/corpus/__init__.py,strenum
CorpusManifest,bijux-proteomics-knowledge,bijux_proteomics_knowledge/references/corpora.py,jsonmodel
CriterionSatisfactionItem,bijux-proteomics-intelligence,bijux_proteomics_intelligence/briefs.py,jsonmodel
CriterionSatisfactionVector,bijux-proteomics-intelligence,bijux_proteomics_intelligence/briefs.py,jsonmodel
CriticAgentInput,bijux-proteomics-runtime,bijux_proteomics_runtime/agents/schemas.py,basemodel
CriticAgentOutput,bijux-proteomics-runtime,bijux_proteomics_runtime/agents/schemas.py,basemodel
CustomDecoyValidationReport,bijux-proteomics-core,bijux_proteomics/identification/confidence.py,jsonmodel
CycleWorkloadForecast,bijux-proteomics-lab,bijux_proteomics_lab/repositories.py,jsonmodel
DatabasePeptideUniqueness,bijux-proteomics-core,bijux_proteomics/identification/__init__.py,strenum
DatabasePeptideUniquenessEntry,bijux-proteomics-core,bijux_proteomics/identification/__init__.py,jsonmodel
DatasetIdentity,bijux-proteomics-runtime,bijux_proteomics_runtime/runtime/context/contracts.py,jsonmodel
DdaImportWorkflowRunReport,bijux-proteomics-core,bijux_proteomics/workflow/runs.py,jsonmodel
DdaMiniStudyBundle,bijux-proteomics-core,bijux_proteomics/corpus/__init__.py,jsonmodel
DdaSearchHitInput,bijux-proteomics-core,bijux_proteomics/workflow/runs.py,jsonmodel
Decision,bijux-proteomics-runtime,bijux_proteomics_runtime/core/decisions.py,basemodel
DecisionEscalationFlags,bijux-proteomics-intelligence,bijux_proteomics_intelligence/evaluators.py,jsonmodel
DecisionExplanation,bijux-proteomics-runtime,bijux_proteomics_runtime/core/decisions.py,basemodel
DecisionGateProfile,bijux-proteomics-knowledge,bijux_proteomics_knowledge/review.py,jsonmodel
DecisionLineage,bijux-proteomics-knowledge,bijux_proteomics_knowledge/claims.py,jsonmodel
DecisionOwnerRole,bijux-proteomics-core,bijux_proteomics/domain/operating_model.py,strenum
DecisionPayload,bijux-proteomics-runtime,bijux_proteomics_runtime/memory/schemas.py,basemodel
DecisionQuery,bijux-proteomics-core,bijux_proteomics/domain/repositories.py,jsonmodel
DecisionReadiness,bijux-proteomics-knowledge,bijux_proteomics_knowledge/evidence.py,jsonmodel
DecisionRelevantContradiction,bijux-proteomics-core,bijux_proteomics/intelligence/__init__.py,jsonmodel
DecisionTagNormalizationReport,bijux-proteomics-knowledge,bijux_proteomics_knowledge/evidence.py,jsonmodel
DecisionTracePath,bijux-proteomics-knowledge,bijux_proteomics_knowledge/graph.py,jsonmodel
DecoyGenerationManifest,bijux-proteomics-core,bijux_proteomics/sequences/core.py,jsonmodel
DecoyGenerationMode,bijux-proteomics-core,bijux_proteomics/sequences/core.py,strenum
DecoyStrategyValidationIssue,bijux-proteomics-core,bijux_proteomics/identification/__init__.py,jsonmodel
DecoyStrategyValidationReport,bijux-proteomics-core,bijux_proteomics/identification/__init__.py,jsonmodel
DenseQuantMatrixBenchmarkInput,bijux-proteomics-core,bijux_proteomics/benchmarks/__init__.py,jsonmodel
DenseQuantMatrixBenchmarkReport,bijux-proteomics-core,bijux_proteomics/benchmarks/__init__.py,jsonmodel
DependencyCriticalPath,bijux-proteomics-lab,bijux_proteomics_lab/planning.py,jsonmodel
DependencyCycleReport,bijux-proteomics-lab,bijux_proteomics_lab/planning.py,jsonmodel
DependencyIntegrityReport,bijux-proteomics-lab,bijux_proteomics_lab/planning.py,jsonmodel
DependencyUpdateRecord,bijux-proteomics-core,bijux_proteomics/benchmarks/__init__.py,jsonmodel
DependencyUpdateReplayAction,bijux-proteomics-core,bijux_proteomics/benchmarks/__init__.py,jsonmodel
DependencyUpdateReplayReport,bijux-proteomics-core,bijux_proteomics/benchmarks/__init__.py,jsonmodel
DerivedArtifactRecord,bijux-proteomics-runtime,bijux_proteomics_runtime/runtime/control/imports.py,jsonmodel
DesignBrief,bijux-proteomics-intelligence,bijux_proteomics_intelligence/briefs.py,jsonmodel
DesignContrastRecommendation,bijux-proteomics-lab,bijux_proteomics_lab/design.py,jsonmodel
DesignContrastRejectionReason,bijux-proteomics-lab,bijux_proteomics_lab/design.py,strenum
DesignIssueSeverity,bijux-proteomics-lab,bijux_proteomics_lab/design.py,strenum
DesignTableParseIssue,bijux-proteomics-core,bijux_proteomics/study/__init__.py,jsonmodel
DesignTableParseReport,bijux-proteomics-core,bijux_proteomics/study/__init__.py,jsonmodel
DeterminismLevel,bijux-proteomics-runtime,bijux_proteomics_runtime/core/determinism.py,strenum
DeterministicExecutionContract,bijux-proteomics-core,bijux_proteomics/workflow/runtime.py,jsonmodel
DiaCapabilityMatrixEntry,bijux-proteomics-core,bijux_proteomics/dia/__init__.py,jsonmodel
DiaCapabilityMatrixReport,bijux-proteomics-core,bijux_proteomics/dia/__init__.py,jsonmodel
DiaCapabilityStatus,bijux-proteomics-core,bijux_proteomics/dia/__init__.py,strenum
DiaFdrRefusalIssue,bijux-proteomics-core,bijux_proteomics/identification/confidence.py,jsonmodel
DiaFdrThresholdSnapshot,bijux-proteomics-core,bijux_proteomics/identification/confidence.py,jsonmodel
DiaImportWorkflowRunReport,bijux-proteomics-core,bijux_proteomics/workflow/runs.py,jsonmodel
DiaIonMobilityEvidenceEntry,bijux-proteomics-core,bijux_proteomics/dia/__init__.py,jsonmodel
DiaIonMobilityEvidenceReport,bijux-proteomics-core,bijux_proteomics/dia/__init__.py,jsonmodel
DiaMiniStudyBundle,bijux-proteomics-core,bijux_proteomics/corpus/__init__.py,jsonmodel
DiaMissingnessReason,bijux-proteomics-core,bijux_proteomics/dia/__init__.py,strenum
DiaNativeDataModel,bijux-proteomics-core,bijux_proteomics/dia/__init__.py,jsonmodel
DiaNativeFdrModelReport,bijux-proteomics-core,bijux_proteomics/identification/confidence.py,jsonmodel
DiaNativeFragment,bijux-proteomics-core,bijux_proteomics/dia/__init__.py,jsonmodel
DiaNativeLibraryEntryReference,bijux-proteomics-core,bijux_proteomics/dia/__init__.py,jsonmodel
DiaNativePrecursor,bijux-proteomics-core,bijux_proteomics/dia/__init__.py,jsonmodel
DiaNativeProteinGroupQuantity,bijux-proteomics-core,bijux_proteomics/dia/__init__.py,jsonmodel
DiaNnImportReport,bijux-proteomics-core,bijux_proteomics/dia/__init__.py,jsonmodel
DiaNnImportRow,bijux-proteomics-core,bijux_proteomics/dia/__init__.py,jsonmodel
DiaPrecursorQuantInput,bijux-proteomics-core,bijux_proteomics/workflow/runs.py,jsonmodel
DiaQuantMissingnessEntry,bijux-proteomics-core,bijux_proteomics/dia/__init__.py,jsonmodel
DiaQuantMissingnessReport,bijux-proteomics-core,bijux_proteomics/dia/__init__.py,jsonmodel
DifferentialAbundanceAssumptionReport,bijux-proteomics-core,bijux_proteomics/quantification/__init__.py,jsonmodel
DifferentialAbundanceDesignIssue,bijux-proteomics-core,bijux_proteomics/quantification/review.py,jsonmodel
DifferentialAbundanceDesignValidationReport,bijux-proteomics-core,bijux_proteomics/quantification/review.py,jsonmodel
DifferentialAbundanceEntry,bijux-proteomics-core,bijux_proteomics/quantification/__init__.py,jsonmodel
DifferentialAbundanceInterpretation,bijux-proteomics-intelligence,bijux_proteomics_intelligence/interpretation.py,jsonmodel
DifferentialAbundanceReport,bijux-proteomics-core,bijux_proteomics/quantification/__init__.py,jsonmodel
DifferentialConditionSignal,bijux-proteomics-intelligence,bijux_proteomics_intelligence/interpretation.py,jsonmodel
DifferentialReplicatePolicy,bijux-proteomics-core,bijux_proteomics/quantification/__init__.py,jsonmodel
DifferentialStatisticalProvenance,bijux-proteomics-intelligence,bijux_proteomics_intelligence/interpretation.py,jsonmodel
DigestBenchmarkReport,bijux-proteomics-core,bijux_proteomics/sequences/digestion.py,jsonmodel
DigestDuplicateAccounting,bijux-proteomics-core,bijux_proteomics/sequences/digestion.py,jsonmodel
DigestDuplicateSequenceEntry,bijux-proteomics-core,bijux_proteomics/sequences/digestion.py,jsonmodel
DigestPolicy,bijux-proteomics-core,bijux_proteomics/sequences/digestion.py,jsonmodel
DigestedPeptide,bijux-proteomics-core,bijux_proteomics/sequences/digestion.py,jsonmodel
DockerImageDescriptor,bijux-proteomics-core,bijux_proteomics/execution/providers.py,jsonmodel
DockerMountDescriptor,bijux-proteomics-core,bijux_proteomics/execution/providers.py,jsonmodel
DocumentSchema,bijux-proteomics-foundation,bijux_proteomics_foundation/documents.py,jsonmodel
DurationValue,bijux-proteomics-foundation,bijux_proteomics_foundation/documents.py,jsonmodel
EcosystemComparisonEntry,bijux-proteomics-core,bijux_proteomics/adoption/__init__.py,jsonmodel
EffectSizeFirstDaEntry,bijux-proteomics-core,bijux_proteomics/quantification/review.py,jsonmodel
EffectSizeFirstDaReport,bijux-proteomics-core,bijux_proteomics/quantification/review.py,jsonmodel
EmpiricalScoreCalibrationBin,bijux-proteomics-core,bijux_proteomics/identification/confidence.py,jsonmodel
EmpiricalScoreCalibrationReport,bijux-proteomics-core,bijux_proteomics/identification/confidence.py,jsonmodel
EnrichmentBackgroundProvenance,bijux-proteomics-core,bijux_proteomics/intelligence/__init__.py,jsonmodel
EnrichmentCorrectionMethod,bijux-proteomics-core,bijux_proteomics/intelligence/__init__.py,strenum
EnrichmentProvenance,bijux-proteomics-intelligence,bijux_proteomics_intelligence/interpretation.py,jsonmodel
EnvironmentQaIssue,bijux-proteomics-core,bijux_proteomics/execution/providers.py,jsonmodel
EnvironmentQaReport,bijux-proteomics-core,bijux_proteomics/execution/providers.py,jsonmodel
EnvironmentQaSnapshot,bijux-proteomics-core,bijux_proteomics/execution/providers.py,jsonmodel
EnzymeRuleProvenance,bijux-proteomics-core,bijux_proteomics/sequences/enzyme_rule_provenance.py,jsonmodel
EnzymeRuleSupportState,bijux-proteomics-core,bijux_proteomics/sequences/enzyme_rule_provenance.py,strenum
ErrorCategory,bijux-proteomics-foundation,bijux_proteomics_foundation/error_models.py,strenum
ErrorDetail,bijux-proteomics-runtime,bijux_proteomics_runtime/runtime/context/output.py,basemodel
ErrorEnvelope,bijux-proteomics-foundation,bijux_proteomics_foundation/error_models.py,jsonmodel
ErrorResponse,bijux-proteomics-runtime,bijux_proteomics_runtime/api/v1/schema.py,basemodel
EvaluationCase,bijux-proteomics-runtime,bijux_proteomics_runtime/execution/evaluation/schemas.py,basemodel
EvaluationCriterion,bijux-proteomics-runtime,bijux_proteomics_runtime/agents/planning/schemas.py,basemodel
EvaluationInput,bijux-proteomics-runtime,bijux_proteomics_runtime/core/observations.py,basemodel
EvaluationInputs,bijux-proteomics-runtime,bijux_proteomics_runtime/execution/evaluation/schemas.py,basemodel
EvaluationReport,bijux-proteomics-runtime,bijux_proteomics_runtime/execution/evaluation/schemas.py,basemodel
EvaluationResult,bijux-proteomics-runtime,bijux_proteomics_runtime/execution/evaluation/schemas.py,basemodel
EvaluatorPolicyBundle,bijux-proteomics-intelligence,bijux_proteomics_intelligence/evaluators.py,jsonmodel
EvidenceBundle,bijux-proteomics-knowledge,bijux_proteomics_knowledge/evidence.py,jsonmodel
EvidenceClaim,bijux-proteomics-knowledge,bijux_proteomics_knowledge/claims.py,jsonmodel
EvidenceCollectionAction,bijux-proteomics-knowledge,bijux_proteomics_knowledge/evidence.py,jsonmodel
EvidenceConflict,bijux-proteomics-knowledge,bijux_proteomics_knowledge/evidence.py,jsonmodel
EvidenceContextCompletenessReport,bijux-proteomics-knowledge,bijux_proteomics_knowledge/evidence.py,jsonmodel
EvidenceContradictionSummary,bijux-proteomics-intelligence,bijux_proteomics_intelligence/evidence_posture.py,jsonmodel
EvidenceCoverage,bijux-proteomics-knowledge,bijux_proteomics_knowledge/evidence.py,jsonmodel
EvidenceEdge,bijux-proteomics-knowledge,bijux_proteomics_knowledge/graph.py,jsonmodel
EvidenceExtractionMethod,bijux-proteomics-knowledge,bijux_proteomics_knowledge/evidence.py,strenum
EvidenceFreshnessEntry,bijux-proteomics-core,bijux_proteomics/intelligence/__init__.py,jsonmodel
EvidenceFreshnessReport,bijux-proteomics-core,bijux_proteomics/intelligence/__init__.py,jsonmodel
EvidenceFreshnessState,bijux-proteomics-core,bijux_proteomics/intelligence/__init__.py,strenum
EvidenceFreshnessSummary,bijux-proteomics-intelligence,bijux_proteomics_intelligence/evidence_posture.py,jsonmodel
EvidenceGapItem,bijux-proteomics-core,bijux_proteomics/review/__init__.py,jsonmodel
EvidenceGapPrioritizationReport,bijux-proteomics-core,bijux_proteomics/review/__init__.py,jsonmodel
EvidenceGapPriorityEntry,bijux-proteomics-core,bijux_proteomics/review/__init__.py,jsonmodel
EvidenceGraph,bijux-proteomics-knowledge,bijux_proteomics_knowledge/graph.py,jsonmodel
EvidenceGraphCandidate,bijux-proteomics-core,bijux_proteomics/intelligence/__init__.py,jsonmodel
EvidenceGraphEdge,bijux-proteomics-core,bijux_proteomics/review/__init__.py,jsonmodel
EvidenceGraphNode,bijux-proteomics-core,bijux_proteomics/review/__init__.py,jsonmodel
EvidenceGraphQuery,bijux-proteomics-core,bijux_proteomics/review/__init__.py,jsonmodel
EvidenceGraphQueryResult,bijux-proteomics-core,bijux_proteomics/review/__init__.py,jsonmodel
EvidenceGraphQueryRouteRequest,bijux-proteomics-core,bijux_proteomics/interfaces/api.py,jsonmodel
EvidenceGraphQueryRouteResponse,bijux-proteomics-core,bijux_proteomics/interfaces/api.py,jsonmodel
EvidenceGraphScaleBenchmarkInput,bijux-proteomics-core,bijux_proteomics/benchmarks/__init__.py,jsonmodel
EvidenceGraphScaleBenchmarkReport,bijux-proteomics-core,bijux_proteomics/benchmarks/__init__.py,jsonmodel
EvidenceKind,bijux-proteomics-knowledge,bijux_proteomics_knowledge/evidence.py,strenum
EvidenceLookupResponse,bijux-proteomics-runtime,bijux_proteomics_runtime/api/v1/schema.py,basemodel
EvidenceNeed,bijux-proteomics-core,bijux_proteomics/domain/program_spec.py,strenum
EvidenceNeedWetLabAction,bijux-proteomics-lab,bijux_proteomics_lab/planning.py,jsonmodel
EvidenceNode,bijux-proteomics-knowledge,bijux_proteomics_knowledge/graph.py,jsonmodel
EvidenceNodeType,bijux-proteomics-knowledge,bijux_proteomics_knowledge/graph.py,strenum
EvidenceOrigin,bijux-proteomics-knowledge,bijux_proteomics_knowledge/evidence.py,strenum
EvidencePromotionReadiness,bijux-proteomics-lab,bijux_proteomics_lab/outcomes.py,jsonmodel
EvidenceProvenanceReport,bijux-proteomics-knowledge,bijux_proteomics_knowledge/evidence.py,jsonmodel
EvidenceQualityDecomposition,bijux-proteomics-knowledge,bijux_proteomics_knowledge/evidence.py,jsonmodel
EvidenceRecord,bijux-proteomics-knowledge,bijux_proteomics_knowledge/evidence.py,jsonmodel
EvidenceRecordQuery,bijux-proteomics-knowledge,bijux_proteomics_knowledge/queries.py,jsonmodel
EvidenceRefreshNeed,bijux-proteomics-knowledge,bijux_proteomics_knowledge/evidence.py,jsonmodel
EvidenceRefreshPriority,bijux-proteomics-knowledge,bijux_proteomics_knowledge/evidence.py,strenum
EvidenceRelevanceScore,bijux-proteomics-knowledge,bijux_proteomics_knowledge/evidence.py,jsonmodel
EvidenceSourceType,bijux-proteomics-knowledge,bijux_proteomics_knowledge/evidence.py,strenum
EvidenceStrength,bijux-proteomics-knowledge,bijux_proteomics_knowledge/evidence.py,strenum
EvidenceTriangulationReport,bijux-proteomics-knowledge,bijux_proteomics_knowledge/evidence.py,jsonmodel
EvidenceTrustBalanceReport,bijux-proteomics-knowledge,bijux_proteomics_knowledge/evidence.py,jsonmodel
EvidenceTrustScoreInput,bijux-proteomics-knowledge,bijux_proteomics_knowledge/evidence.py,jsonmodel
ExampleWorkflowPackageEntry,bijux-proteomics-core,bijux_proteomics/interfaces/api.py,jsonmodel
ExecutableAssayInstruction,bijux-proteomics-lab,bijux_proteomics_lab/planning.py,jsonmodel
ExecutableAssayPlan,bijux-proteomics-lab,bijux_proteomics_lab/planning.py,jsonmodel
ExecutionBackend,bijux-proteomics-core,bijux_proteomics/execution/backend.py,protocol
ExecutionCapacityAdvisory,bijux-proteomics-lab,bijux_proteomics_lab/planning.py,jsonmodel
ExecutionContext,bijux-proteomics-runtime,bijux_proteomics_runtime/core/execution.py,basemodel
ExecutionGraph,bijux-proteomics-runtime,bijux_proteomics_runtime/core/execution.py,basemodel
ExecutionIteration,bijux-proteomics-core,bijux_proteomics/execution/contracts.py,protocol
ExecutionMode,bijux-proteomics-core,bijux_proteomics/biology/pathway.py,strenum
ExecutionPlanUncertaintyReport,bijux-proteomics-lab,bijux_proteomics_lab/planning.py,jsonmodel
ExecutionRequest,bijux-proteomics-core,bijux_proteomics/execution/backend.py,jsonmodel
ExecutionStatus,bijux-proteomics-runtime,bijux_proteomics_runtime/core/status.py,strenum
ExecutionTask,bijux-proteomics-runtime,bijux_proteomics_runtime/core/execution.py,basemodel
ExecutionToolResultLike,bijux-proteomics-core,bijux_proteomics/execution/contracts.py,protocol
ExecutionTrace,bijux-proteomics-runtime,bijux_proteomics_runtime/execution/schemas.py,basemodel
ExpectedProperty,bijux-proteomics-runtime,bijux_proteomics_runtime/execution/evaluation/schemas.py,basemodel
ExperimentBatch,bijux-proteomics-lab,bijux_proteomics_lab/planning.py,jsonmodel
ExperimentDesignStructureSummary,bijux-proteomics-lab,bijux_proteomics_lab/design.py,jsonmodel
ExperimentDesignValidationIssue,bijux-proteomics-lab,bijux_proteomics_lab/design.py,jsonmodel
ExperimentDesignValidationReport,bijux-proteomics-lab,bijux_proteomics_lab/design.py,jsonmodel
ExperimentOutcome,bijux-proteomics-lab,bijux_proteomics_lab/outcomes.py,jsonmodel
ExperimentOutcomeSummary,bijux-proteomics-lab,bijux_proteomics_lab/outcomes.py,jsonmodel
ExperimentPlan,bijux-proteomics-lab,bijux_proteomics_lab/planning.py,jsonmodel
ExperimentPlanRepository,bijux-proteomics-lab,bijux_proteomics_lab/repositories.py,protocol
ExperimentalDesignEntry,bijux-proteomics-core,bijux_proteomics/io/formats.py,jsonmodel
ExperimentalDesignRejectedRow,bijux-proteomics-core,bijux_proteomics/io/formats.py,jsonmodel
ExperimentalDesignReport,bijux-proteomics-core,bijux_proteomics/io/formats.py,jsonmodel
ExperimentalDesignSampleRole,bijux-proteomics-core,bijux_proteomics/io/formats.py,strenum
ExperimentalDesignValidationIssue,bijux-proteomics-core,bijux_proteomics/study/__init__.py,jsonmodel
ExperimentalDesignValidationReport,bijux-proteomics-core,bijux_proteomics/study/__init__.py,jsonmodel
ExternalDdaTrialInput,bijux-proteomics-core,bijux_proteomics/adoption/__init__.py,jsonmodel
ExternalDdaTrialReport,bijux-proteomics-core,bijux_proteomics/adoption/__init__.py,jsonmodel
ExternalDiaTrialInput,bijux-proteomics-core,bijux_proteomics/adoption/__init__.py,jsonmodel
ExternalDiaTrialReport,bijux-proteomics-core,bijux_proteomics/adoption/__init__.py,jsonmodel
ExternalEngineCorpusLicensingEntry,bijux-proteomics-core,bijux_proteomics/corpus/__init__.py,jsonmodel
ExternalEngineCorpusLicensingPlan,bijux-proteomics-core,bijux_proteomics/corpus/__init__.py,jsonmodel
ExternalEngineCorpusPolicy,bijux-proteomics-core,bijux_proteomics/corpus/__init__.py,strenum
ExternalEngineDisagreementEntry,bijux-proteomics-core,bijux_proteomics/identification/search_adapters.py,jsonmodel
ExternalEngineDisagreementKind,bijux-proteomics-core,bijux_proteomics/identification/search_adapters.py,strenum
ExternalEngineDisagreementReport,bijux-proteomics-core,bijux_proteomics/identification/search_adapters.py,jsonmodel
ExternalLabTrialInput,bijux-proteomics-core,bijux_proteomics/adoption/__init__.py,jsonmodel
ExternalLabTrialReport,bijux-proteomics-core,bijux_proteomics/adoption/__init__.py,jsonmodel
ExternalPtmTrialInput,bijux-proteomics-core,bijux_proteomics/adoption/__init__.py,jsonmodel
ExternalPtmTrialReport,bijux-proteomics-core,bijux_proteomics/adoption/__init__.py,jsonmodel
ExternalQuantExecutionContract,bijux-proteomics-core,bijux_proteomics/execution/providers.py,jsonmodel
ExternalQuantTrialInput,bijux-proteomics-core,bijux_proteomics/adoption/__init__.py,jsonmodel
ExternalQuantTrialReport,bijux-proteomics-core,bijux_proteomics/adoption/__init__.py,jsonmodel
ExternalReviewerBundle,bijux-proteomics-core,bijux_proteomics/collaboration/__init__.py,jsonmodel
ExternalReviewerBundleInput,bijux-proteomics-core,bijux_proteomics/collaboration/__init__.py,jsonmodel
ExternalSearchExecutionContract,bijux-proteomics-core,bijux_proteomics/execution/providers.py,jsonmodel
ExternalSearchToolContract,bijux-proteomics-core,bijux_proteomics/workflow/runtime.py,jsonmodel
ExternalToolCapabilityIssue,bijux-proteomics-core,bijux_proteomics/workflow/runtime.py,jsonmodel
ExternalToolCapabilityReport,bijux-proteomics-core,bijux_proteomics/workflow/runtime.py,jsonmodel
FactorWeightValidationReport,bijux-proteomics-intelligence,bijux_proteomics_intelligence/policies.py,jsonmodel
FailureAnalysisAgentInput,bijux-proteomics-runtime,bijux_proteomics_runtime/agents/schemas.py,basemodel
FailureAnalysisAgentOutput,bijux-proteomics-runtime,bijux_proteomics_runtime/agents/schemas.py,basemodel
FailureClass,bijux-proteomics-lab,bijux_proteomics_lab/outcomes.py,strenum
FailureRecoveryArtifact,bijux-proteomics-runtime,bijux_proteomics_runtime/runtime/control/recovery.py,jsonmodel
FailureType,bijux-proteomics-runtime,bijux_proteomics_runtime/core/failures.py,strenum
FakeExternalEngineHarnessReport,bijux-proteomics-core,bijux_proteomics/workflow/runs.py,jsonmodel
FakeExternalToolKind,bijux-proteomics-core,bijux_proteomics/workflow/runs.py,strenum
FakeExternalToolRunEntry,bijux-proteomics-core,bijux_proteomics/workflow/runs.py,jsonmodel
FamilyCapacity,bijux-proteomics-lab,bijux_proteomics_lab/planning.py,jsonmodel
FastaDeduplicationReport,bijux-proteomics-core,bijux_proteomics/sequences/core.py,jsonmodel
FastaFilterReport,bijux-proteomics-core,bijux_proteomics/sequences/core.py,jsonmodel
FastaParseMode,bijux-proteomics-core,bijux_proteomics/sequences/core.py,strenum
FastaParseReport,bijux-proteomics-core,bijux_proteomics/sequences/core.py,jsonmodel
FastaProvenanceManifest,bijux-proteomics-core,bijux_proteomics/sequences/core.py,jsonmodel
FastaStatsReport,bijux-proteomics-core,bijux_proteomics/sequences/core.py,jsonmodel
FdrAnnotatedPsm,bijux-proteomics-core,bijux_proteomics/identification/__init__.py,jsonmodel
FdrAuditEntry,bijux-proteomics-core,bijux_proteomics/identification/__init__.py,jsonmodel
FdrAuditTrail,bijux-proteomics-core,bijux_proteomics/identification/__init__.py,jsonmodel
FdrEdgeCaseKind,bijux-proteomics-core,bijux_proteomics/identification/__init__.py,strenum
FdrEdgeCaseReport,bijux-proteomics-core,bijux_proteomics/identification/__init__.py,jsonmodel
FdrEvidenceLevel,bijux-proteomics-core,bijux_proteomics/identification/__init__.py,strenum
FdrLevelEntry,bijux-proteomics-core,bijux_proteomics/identification/__init__.py,jsonmodel
FdrPolicy,bijux-proteomics-core,bijux_proteomics/identification/__init__.py,jsonmodel
FdrQValueMonotonicityCheck,bijux-proteomics-core,bijux_proteomics/identification/__init__.py,jsonmodel
FdrQValueMonotonicityReport,bijux-proteomics-core,bijux_proteomics/identification/__init__.py,jsonmodel
FeedbackAnomalyReport,bijux-proteomics-lab,bijux_proteomics_lab/repositories.py,jsonmodel
FeedbackCycleLatencyReport,bijux-proteomics-lab,bijux_proteomics_lab/repositories.py,jsonmodel
FeedbackLineageCoverageReport,bijux-proteomics-lab,bijux_proteomics_lab/repositories.py,jsonmodel
FinalDecisionRecommendation,bijux-proteomics-intelligence,bijux_proteomics_intelligence/evaluators.py,jsonmodel
FingerprintRecord,bijux-proteomics-foundation,bijux_proteomics_foundation/fingerprints.py,jsonmodel
FingerprintScope,bijux-proteomics-foundation,bijux_proteomics_foundation/fingerprints.py,strenum
FlagshipDemoInput,bijux-proteomics-core,bijux_proteomics/adoption/__init__.py,jsonmodel
FlagshipDemoReport,bijux-proteomics-core,bijux_proteomics/adoption/__init__.py,jsonmodel
FollowUpCandidatePath,bijux-proteomics-intelligence,bijux_proteomics_intelligence/decision_paths.py,jsonmodel
FollowUpCandidateRecommendation,bijux-proteomics-intelligence,bijux_proteomics_intelligence/decision_paths.py,jsonmodel
FollowUpPracticalityReport,bijux-proteomics-lab,bijux_proteomics_lab/planning.py,jsonmodel
FormatCapabilityEntry,bijux-proteomics-core,bijux_proteomics/io/ingestion.py,jsonmodel
FormatCapabilityMatrixReport,bijux-proteomics-core,bijux_proteomics/io/ingestion.py,jsonmodel
FormatConversionReport,bijux-proteomics-core,bijux_proteomics/io/formats.py,jsonmodel
FormatConversionTarget,bijux-proteomics-core,bijux_proteomics/io/formats.py,strenum
FormatDetectionDiagnostic,bijux-proteomics-core,bijux_proteomics/io/formats.py,jsonmodel
FormatValidationIssue,bijux-proteomics-core,bijux_proteomics/io/formats.py,jsonmodel
FormatValidationReport,bijux-proteomics-core,bijux_proteomics/io/formats.py,jsonmodel
FractionAssignment,bijux-proteomics-lab,bijux_proteomics_lab/design.py,jsonmodel
FractionationAggregationReport,bijux-proteomics-core,bijux_proteomics/study/__init__.py,jsonmodel
FractionationPlan,bijux-proteomics-lab,bijux_proteomics_lab/design.py,jsonmodel
FractionationRecord,bijux-proteomics-core,bijux_proteomics/study/__init__.py,jsonmodel
FragmentIon,bijux-proteomics-core,bijux_proteomics/chemistry/__init__.py,jsonmodel
FragmentIonSeries,bijux-proteomics-core,bijux_proteomics/chemistry/__init__.py,strenum
FragmentIonShiftValidationEntry,bijux-proteomics-core,bijux_proteomics/chemistry/__init__.py,jsonmodel
FragmentIonShiftValidationReport,bijux-proteomics-core,bijux_proteomics/chemistry/__init__.py,jsonmodel
GateCoverageGapReport,bijux-proteomics-lab,bijux_proteomics_lab/planning.py,jsonmodel
GateImpactScore,bijux-proteomics-lab,bijux_proteomics_lab/planning.py,jsonmodel
GlycopeptideBoundaryDisposition,bijux-proteomics-core,bijux_proteomics/ptm/review.py,strenum
GlycopeptideSupportBoundaryReport,bijux-proteomics-core,bijux_proteomics/ptm/review.py,jsonmodel
GovernedArtifactReference,bijux-proteomics-knowledge,bijux_proteomics_knowledge/evidence.py,jsonmodel
GovernedEvidenceBundle,bijux-proteomics-knowledge,bijux_proteomics_knowledge/evidence.py,jsonmodel
GovernedEvidenceSurface,bijux-proteomics-knowledge,bijux_proteomics_knowledge/evidence.py,strenum
GraphValidationIssue,bijux-proteomics-knowledge,bijux_proteomics_knowledge/graph.py,jsonmodel
GroundedDecisionRule,bijux-proteomics-knowledge,bijux_proteomics_knowledge/references/decision_rules.py,jsonmodel
GroupedConfidenceCategory,bijux-proteomics-core,bijux_proteomics/identification/confidence.py,strenum
GroupedConfidenceEntry,bijux-proteomics-core,bijux_proteomics/identification/__init__.py,jsonmodel
GroupedConfidenceReport,bijux-proteomics-core,bijux_proteomics/identification/__init__.py,jsonmodel
GroupedConfidenceSummaryEntry,bijux-proteomics-core,bijux_proteomics/identification/confidence.py,jsonmodel
GroupedConfidenceSummaryReport,bijux-proteomics-core,bijux_proteomics/identification/confidence.py,jsonmodel
GroupedFdrBucket,bijux-proteomics-core,bijux_proteomics/identification/__init__.py,jsonmodel
GroupedFdrReport,bijux-proteomics-core,bijux_proteomics/identification/__init__.py,jsonmodel
HandoffExplanation,bijux-proteomics-lab,bijux_proteomics_lab/handoffs.py,jsonmodel
HandoffSupportLevel,bijux-proteomics-lab,bijux_proteomics_lab/handoffs.py,strenum
HandoffSupportStatement,bijux-proteomics-lab,bijux_proteomics_lab/handoffs.py,jsonmodel
HealthResponse,bijux-proteomics-runtime,bijux_proteomics_runtime/api/v1/schema.py,basemodel
HoldPolicyConfig,bijux-proteomics-intelligence,bijux_proteomics_intelligence/policies.py,jsonmodel
HoldPressureSummary,bijux-proteomics-intelligence,bijux_proteomics_intelligence/evaluators.py,jsonmodel
HostileInputProtectionInput,bijux-proteomics-core,bijux_proteomics/collaboration/__init__.py,jsonmodel
HostileInputProtectionIssue,bijux-proteomics-core,bijux_proteomics/collaboration/__init__.py,jsonmodel
HostileInputProtectionReport,bijux-proteomics-core,bijux_proteomics/collaboration/__init__.py,jsonmodel
HpcContainerBoundaryInput,bijux-proteomics-core,bijux_proteomics/execution/providers.py,jsonmodel
HpcContainerBoundaryReport,bijux-proteomics-core,bijux_proteomics/execution/providers.py,jsonmodel
HpcContainerRuntime,bijux-proteomics-core,bijux_proteomics/execution/providers.py,strenum
HpcJobDescriptor,bijux-proteomics-core,bijux_proteomics/workflow/runtime.py,jsonmodel
HypothesisDossier,bijux-proteomics-knowledge,bijux_proteomics_knowledge/claims.py,jsonmodel
HypothesisFalsificationPlan,bijux-proteomics-lab,bijux_proteomics_lab/planning.py,jsonmodel
HypothesisStatus,bijux-proteomics-intelligence,bijux_proteomics_intelligence/evaluators.py,strenum
IdentifierKind,bijux-proteomics-foundation,bijux_proteomics_foundation/ids.py,strenum
ImportRequest,bijux-proteomics-runtime,bijux_proteomics_runtime/api/v1/schema.py,basemodel
ImportRunBundle,bijux-proteomics-runtime,bijux_proteomics_runtime/runtime/control/imports.py,jsonmodel
ImportedArtifactRecord,bijux-proteomics-runtime,bijux_proteomics_runtime/runtime/control/imports.py,jsonmodel
InferenceDisagreementEntry,bijux-proteomics-core,bijux_proteomics/identification/__init__.py,jsonmodel
InferenceDisagreementKind,bijux-proteomics-core,bijux_proteomics/identification/__init__.py,strenum
InferenceDisagreementReport,bijux-proteomics-core,bijux_proteomics/identification/__init__.py,jsonmodel
InferenceDisagreementReviewEntry,bijux-proteomics-core,bijux_proteomics/identification/confidence.py,jsonmodel
InferenceDisagreementReviewPacket,bijux-proteomics-core,bijux_proteomics/identification/confidence.py,jsonmodel
InferenceDisagreementSeverity,bijux-proteomics-core,bijux_proteomics/identification/confidence.py,strenum
InformationGainBreakdown,bijux-proteomics-lab,bijux_proteomics_lab/planning.py,jsonmodel
IngestionReport,bijux-proteomics-knowledge,bijux_proteomics_knowledge/ingestion.py,jsonmodel
InputValidationAgentInput,bijux-proteomics-runtime,bijux_proteomics_runtime/agents/schemas.py,basemodel
InputValidationAgentOutput,bijux-proteomics-runtime,bijux_proteomics_runtime/agents/schemas.py,basemodel
InspectResponse,bijux-proteomics-runtime,bijux_proteomics_runtime/api/v1/schema.py,basemodel
InstrumentAvailability,bijux-proteomics-lab,bijux_proteomics_lab/planning.py,jsonmodel
InstrumentBatchQcReport,bijux-proteomics-core,bijux_proteomics/qc.py,jsonmodel
InstrumentBatchQcRunEntry,bijux-proteomics-core,bijux_proteomics/qc.py,jsonmodel
InstrumentMethodMetadata,bijux-proteomics-lab,bijux_proteomics_lab/protocols.py,jsonmodel
InstrumentRunRecord,bijux-proteomics-core,bijux_proteomics/study/__init__.py,jsonmodel
InstrumentRunSummaryReport,bijux-proteomics-core,bijux_proteomics/study/__init__.py,jsonmodel
IntelligenceCharterCapability,bijux-proteomics-intelligence,bijux_proteomics_intelligence/charter.py,strenum
IntelligenceCharterEntry,bijux-proteomics-intelligence,bijux_proteomics_intelligence/charter.py,jsonmodel
IntelligenceDecisionSupportEnvelope,bijux-proteomics-intelligence,bijux_proteomics_intelligence/evaluators.py,jsonmodel
IntelligenceFeedbackAdjustment,bijux-proteomics-core,bijux_proteomics/lab/operations.py,jsonmodel
IntelligenceFeedbackBaseline,bijux-proteomics-core,bijux_proteomics/lab/operations.py,jsonmodel
IntelligenceFeedbackReport,bijux-proteomics-core,bijux_proteomics/lab/operations.py,jsonmodel
IntelligenceFeedbackSignal,bijux-proteomics-lab,bijux_proteomics_lab/reconciliation.py,jsonmodel
IntelligenceModuleAuditEntry,bijux-proteomics-intelligence,bijux_proteomics_intelligence/charter.py,jsonmodel
IntelligenceModuleClassification,bijux-proteomics-intelligence,bijux_proteomics_intelligence/charter.py,strenum
IntelligenceOutputMode,bijux-proteomics-intelligence,bijux_proteomics_intelligence/evaluators.py,strenum
IntelligenceProductCharter,bijux-proteomics-intelligence,bijux_proteomics_intelligence/charter.py,jsonmodel
IntelligenceReviewPacket,bijux-proteomics-intelligence,bijux_proteomics_intelligence/evaluators.py,jsonmodel
InvocationInput,bijux-proteomics-runtime,bijux_proteomics_runtime/core/tooling.py,basemodel
InvocationInputLike,bijux-proteomics-intelligence,bijux_proteomics_intelligence/domain/candidates/updates.py,protocol
InvocationInputLike,bijux-proteomics-intelligence,bijux_proteomics_intelligence/domain/metrics/validation.py,protocol
IonMobilityObservation,bijux-proteomics-core,bijux_proteomics/io/ingestion.py,jsonmodel
IonMobilitySupportReport,bijux-proteomics-core,bijux_proteomics/io/ingestion.py,jsonmodel
IsotopeAdductAnnotationReport,bijux-proteomics-core,bijux_proteomics/chemistry/isotope_adduct_annotation.py,jsonmodel
IsotopeEnvelopeStatus,bijux-proteomics-core,bijux_proteomics/chemistry/__init__.py,strenum
IsotopePeak,bijux-proteomics-core,bijux_proteomics/chemistry/__init__.py,jsonmodel
IsotopicLabelingPolicy,bijux-proteomics-core,bijux_proteomics/chemistry/__init__.py,jsonmodel
JsonModel,bijux-proteomics-foundation,bijux_proteomics_foundation/json_models.py,basemodel
KnowledgeCharterCapability,bijux-proteomics-knowledge,bijux_proteomics_knowledge/charter.py,strenum
KnowledgeCharterEntry,bijux-proteomics-knowledge,bijux_proteomics_knowledge/charter.py,jsonmodel
KnowledgeContextDomain,bijux-proteomics-knowledge,bijux_proteomics_knowledge/references/contexts.py,strenum
KnowledgeCorpusSourceKind,bijux-proteomics-knowledge,bijux_proteomics_knowledge/references/corpora.py,strenum
KnowledgeEvidenceInput,bijux-proteomics-core,bijux_proteomics/workflow/runs.py,jsonmodel
KnowledgeGap,bijux-proteomics-knowledge,bijux_proteomics_knowledge/claims.py,jsonmodel
KnowledgeModuleAuditEntry,bijux-proteomics-knowledge,bijux_proteomics_knowledge/charter.py,jsonmodel
KnowledgeModuleClassification,bijux-proteomics-knowledge,bijux_proteomics_knowledge/charter.py,strenum
KnowledgeOntologyDomain,bijux-proteomics-knowledge,bijux_proteomics_knowledge/references/ontologies.py,strenum
KnowledgeOntologyMapping,bijux-proteomics-knowledge,bijux_proteomics_knowledge/references/ontologies.py,jsonmodel
KnowledgeProblemKind,bijux-proteomics-knowledge,bijux_proteomics_knowledge/references/problems.py,strenum
KnowledgeQualityAudit,bijux-proteomics-knowledge,bijux_proteomics_knowledge/evidence.py,jsonmodel
KnowledgeReviewDelta,bijux-proteomics-knowledge,bijux_proteomics_knowledge/review.py,jsonmodel
KnowledgeReviewPacket,bijux-proteomics-knowledge,bijux_proteomics_knowledge/review.py,jsonmodel
KnowledgeReviewTrend,bijux-proteomics-knowledge,bijux_proteomics_knowledge/review.py,jsonmodel
KnowledgeReviewWorkflowRunReport,bijux-proteomics-core,bijux_proteomics/workflow/runs.py,jsonmodel
KnowledgeRuleDomain,bijux-proteomics-knowledge,bijux_proteomics_knowledge/references/rules.py,strenum
KnowledgeSchemaProfile,bijux-proteomics-knowledge,bijux_proteomics_knowledge/schema.py,jsonmodel
KnowledgeWorkflowFamily,bijux-proteomics-knowledge,bijux_proteomics_knowledge/references/benchmarks.py,strenum
KnownMixtureMiniStudyBundle,bijux-proteomics-core,bijux_proteomics/corpus/__init__.py,jsonmodel
KnownMixtureTruthBoundary,bijux-proteomics-core,bijux_proteomics/corpus/__init__.py,jsonmodel
KnownProblemRegistryEntry,bijux-proteomics-knowledge,bijux_proteomics_knowledge/references/problems.py,jsonmodel
LLMAction,bijux-proteomics-core,bijux_proteomics/biology/regulator.py,strenum
LLMFailureMode,bijux-proteomics-core,bijux_proteomics/biology/regulator.py,strenum
LabArtifactCompatibilityReport,bijux-proteomics-lab,bijux_proteomics_lab/artifacts.py,jsonmodel
LabArtifactContractIssue,bijux-proteomics-lab,bijux_proteomics_lab/artifacts.py,jsonmodel
LabArtifactContractRegistry,bijux-proteomics-lab,bijux_proteomics_lab/artifacts.py,jsonmodel
LabArtifactProfile,bijux-proteomics-lab,bijux_proteomics_lab/artifacts.py,jsonmodel
LabArtifactSchemaContract,bijux-proteomics-lab,bijux_proteomics_lab/artifacts.py,jsonmodel
LabArtifactUpgradeAdvisory,bijux-proteomics-lab,bijux_proteomics_lab/artifacts.py,jsonmodel
LabCapacity,bijux-proteomics-lab,bijux_proteomics_lab/planning.py,jsonmodel
LabCapacityModelWithUncertainty,bijux-proteomics-core,bijux_proteomics/lab/planning.py,jsonmodel
LabCharterCapability,bijux-proteomics-lab,bijux_proteomics_lab/charter.py,strenum
LabCharterEntry,bijux-proteomics-lab,bijux_proteomics_lab/charter.py,jsonmodel
LabCostModelEntry,bijux-proteomics-core,bijux_proteomics/lab/operations.py,jsonmodel
LabCostModelInput,bijux-proteomics-core,bijux_proteomics/lab/operations.py,jsonmodel
LabCostModelReport,bijux-proteomics-core,bijux_proteomics/lab/operations.py,jsonmodel
LabCycleBrief,bijux-proteomics-lab,bijux_proteomics_lab/planning.py,jsonmodel
LabExecutionDirective,bijux-proteomics-lab,bijux_proteomics_lab/planning.py,jsonmodel
LabExecutionRefusal,bijux-proteomics-lab,bijux_proteomics_lab/handoffs.py,jsonmodel
LabExecutionRequest,bijux-proteomics-lab,bijux_proteomics_lab/planning.py,jsonmodel
LabFeedbackQuery,bijux-proteomics-lab,bijux_proteomics_lab/repositories.py,jsonmodel
LabFeedbackRecord,bijux-proteomics-lab,bijux_proteomics_lab/repositories.py,jsonmodel
LabFeedbackRepository,bijux-proteomics-lab,bijux_proteomics_lab/repositories.py,protocol
LabFeedbackTrendReport,bijux-proteomics-lab,bijux_proteomics_lab/repositories.py,jsonmodel
LabHandoffExportBundle,bijux-proteomics-core,bijux_proteomics/study/__init__.py,jsonmodel
LabHandoffRouteRequest,bijux-proteomics-core,bijux_proteomics/interfaces/api.py,jsonmodel
LabHandoffRouteResponse,bijux-proteomics-core,bijux_proteomics/interfaces/api.py,jsonmodel
LabHandoffWorkflowRunReport,bijux-proteomics-core,bijux_proteomics/workflow/runs.py,jsonmodel
LabModuleAuditEntry,bijux-proteomics-lab,bijux_proteomics_lab/charter.py,jsonmodel
LabModuleClassification,bijux-proteomics-lab,bijux_proteomics_lab/charter.py,strenum
LabObservedOutcomeSignal,bijux-proteomics-core,bijux_proteomics/lab/operations.py,jsonmodel
LabOutcomeIngestionPolicy,bijux-proteomics-core,bijux_proteomics/lab/operations.py,jsonmodel
LabOutcomeIngestionRecord,bijux-proteomics-core,bijux_proteomics/lab/operations.py,jsonmodel
LabOutcomeIngestionReport,bijux-proteomics-core,bijux_proteomics/lab/operations.py,jsonmodel
LabOutcomeIngestionUpdate,bijux-proteomics-core,bijux_proteomics/lab/operations.py,jsonmodel
LabOutcomeReconciliationEntry,bijux-proteomics-core,bijux_proteomics/study/__init__.py,jsonmodel
LabOutcomeReconciliationReport,bijux-proteomics-core,bijux_proteomics/study/__init__.py,jsonmodel
LabPriorityQueueAlignment,bijux-proteomics-lab,bijux_proteomics_lab/planning.py,jsonmodel
LabProtocolAttachment,bijux-proteomics-lab,bijux_proteomics_lab/protocols.py,jsonmodel
LabProtocolEvidenceBundle,bijux-proteomics-lab,bijux_proteomics_lab/protocols.py,jsonmodel
LabQueuePrioritizationEntry,bijux-proteomics-core,bijux_proteomics/lab/operations.py,jsonmodel
LabQueuePrioritizationInput,bijux-proteomics-core,bijux_proteomics/lab/operations.py,jsonmodel
LabQueuePrioritizationReport,bijux-proteomics-core,bijux_proteomics/lab/operations.py,jsonmodel
LabRequestSchema,bijux-proteomics-core,bijux_proteomics/study/__init__.py,jsonmodel
LabRequestTarget,bijux-proteomics-core,bijux_proteomics/study/__init__.py,jsonmodel
LabRequestValidationIssue,bijux-proteomics-core,bijux_proteomics/study/__init__.py,jsonmodel
LabRequestValidationReport,bijux-proteomics-core,bijux_proteomics/study/__init__.py,jsonmodel
LabReviewPacketBundle,bijux-proteomics-lab,bijux_proteomics_lab/planning.py,jsonmodel
LabReviewPacketInput,bijux-proteomics-core,bijux_proteomics/lab/planning.py,jsonmodel
LabReviewPacketRendered,bijux-proteomics-core,bijux_proteomics/lab/planning.py,jsonmodel
LabRiskAssessmentContext,bijux-proteomics-core,bijux_proteomics/lab/planning.py,jsonmodel
LabRiskAssessmentReport,bijux-proteomics-core,bijux_proteomics/lab/planning.py,jsonmodel
LabRiskDashboardEntry,bijux-proteomics-core,bijux_proteomics/lab/operations.py,jsonmodel
LabRiskDashboardInput,bijux-proteomics-core,bijux_proteomics/lab/operations.py,jsonmodel
LabRiskDashboardReport,bijux-proteomics-core,bijux_proteomics/lab/operations.py,jsonmodel
LabRiskKind,bijux-proteomics-core,bijux_proteomics/lab/planning.py,strenum
LabRiskRule,bijux-proteomics-core,bijux_proteomics/lab/planning.py,jsonmodel
LabelBasedChannelPolicyEntry,bijux-proteomics-core,bijux_proteomics/quantification/__init__.py,jsonmodel
LabelBasedChannelRole,bijux-proteomics-core,bijux_proteomics/quantification/__init__.py,strenum
LabelBasedChannelStateEntry,bijux-proteomics-core,bijux_proteomics/quantification/__init__.py,jsonmodel
LabelBasedQuantBundle,bijux-proteomics-core,bijux_proteomics/quantification/__init__.py,jsonmodel
LabelBasedQuantChannelLedgerEntry,bijux-proteomics-core,bijux_proteomics/quantification/review.py,jsonmodel
LabelBasedQuantChannelLedgerReport,bijux-proteomics-core,bijux_proteomics/quantification/review.py,jsonmodel
LabelBasedQuantPolicy,bijux-proteomics-core,bijux_proteomics/quantification/__init__.py,jsonmodel
LabelFreeFeatureProvenanceEntry,bijux-proteomics-core,bijux_proteomics/quantification/__init__.py,jsonmodel
LabelFreePeptideProvenanceEntry,bijux-proteomics-core,bijux_proteomics/quantification/__init__.py,jsonmodel
LabelFreeProvenanceBundle,bijux-proteomics-core,bijux_proteomics/quantification/__init__.py,jsonmodel
LabelFreeQuantTable,bijux-proteomics-core,bijux_proteomics/quantification/__init__.py,jsonmodel
LargeArtifactGuardDecision,bijux-proteomics-runtime,bijux_proteomics_runtime/runtime/control/integrity.py,jsonmodel
LargeArtifactUploadDescriptor,bijux-proteomics-core,bijux_proteomics/workflow/reproducibility.py,jsonmodel
LargeArtifactUploadGuardDecision,bijux-proteomics-core,bijux_proteomics/workflow/reproducibility.py,jsonmodel
LargeArtifactUploadGuardPolicy,bijux-proteomics-core,bijux_proteomics/workflow/reproducibility.py,jsonmodel
LargeArtifactUploadGuardReport,bijux-proteomics-core,bijux_proteomics/workflow/reproducibility.py,jsonmodel
LargeFileStreamingPolicy,bijux-proteomics-core,bijux_proteomics/workflow/runtime.py,jsonmodel
LargeSpectraStreamingBenchmarkInput,bijux-proteomics-core,bijux_proteomics/benchmarks/__init__.py,jsonmodel
LargeSpectraStreamingBenchmarkReport,bijux-proteomics-core,bijux_proteomics/benchmarks/__init__.py,jsonmodel
LcmsRunQcReport,bijux-proteomics-core,bijux_proteomics/qc.py,jsonmodel
LearningAdjustedRecommendation,bijux-proteomics-core,bijux_proteomics/lab/planning.py,jsonmodel
LevelSpecificConfidenceAssignment,bijux-proteomics-core,bijux_proteomics/identification/__init__.py,jsonmodel
LevelSpecificConfidenceReport,bijux-proteomics-core,bijux_proteomics/identification/__init__.py,jsonmodel
LevelSpecificFdrReport,bijux-proteomics-core,bijux_proteomics/identification/__init__.py,jsonmodel
LfqFeaturePeptideProteinProvenanceReport,bijux-proteomics-core,bijux_proteomics/quantification/review.py,jsonmodel
LfqMiniStudyBundle,bijux-proteomics-core,bijux_proteomics/corpus/__init__.py,jsonmodel
LiabilityCategory,bijux-proteomics-core,bijux_proteomics/domain/liabilities.py,strenum
LiabilityFlag,bijux-proteomics-intelligence,bijux_proteomics_intelligence/briefs.py,jsonmodel
LiabilityFocusSummary,bijux-proteomics-intelligence,bijux_proteomics_intelligence/briefs.py,jsonmodel
LiabilityNodeInput,bijux-proteomics-knowledge,bijux_proteomics_knowledge/graph.py,jsonmodel
LibrarySearchComparisonEntry,bijux-proteomics-core,bijux_proteomics/dia/__init__.py,jsonmodel
LibrarySearchComparisonReport,bijux-proteomics-core,bijux_proteomics/dia/__init__.py,jsonmodel
LibrarySearchConfidenceBoundaryInput,bijux-proteomics-core,bijux_proteomics/identification/confidence.py,jsonmodel
LibrarySearchConfidenceBoundaryIssue,bijux-proteomics-core,bijux_proteomics/identification/confidence.py,jsonmodel
LibrarySearchConfidenceBoundaryReport,bijux-proteomics-core,bijux_proteomics/identification/confidence.py,jsonmodel
LifecycleTransition,bijux-proteomics-core,bijux_proteomics/domain/lifecycle.py,jsonmodel
LimsExportBundle,bijux-proteomics-lab,bijux_proteomics_lab/handoffs.py,jsonmodel
LimsExportInputRow,bijux-proteomics-core,bijux_proteomics/lab/operations.py,jsonmodel
LimsExportRecord,bijux-proteomics-lab,bijux_proteomics_lab/handoffs.py,jsonmodel
LimsFieldMapping,bijux-proteomics-lab,bijux_proteomics_lab/handoffs.py,jsonmodel
LimsHandoffEntry,bijux-proteomics-core,bijux_proteomics/lab/planning.py,jsonmodel
LimsHandoffProfile,bijux-proteomics-core,bijux_proteomics/lab/planning.py,jsonmodel
LimsOrientedExportBundle,bijux-proteomics-core,bijux_proteomics/lab/operations.py,jsonmodel
LimsOrientedExportRow,bijux-proteomics-core,bijux_proteomics/lab/operations.py,jsonmodel
LiteratureFocusArea,bijux-proteomics-knowledge,bijux_proteomics_knowledge/references/literature.py,strenum
LiteratureGroup,bijux-proteomics-knowledge,bijux_proteomics_knowledge/references/literature.py,jsonmodel
LocalExternalToolRunDisposition,bijux-proteomics-core,bijux_proteomics/workflow/runs.py,strenum
LocalExternalToolRunReport,bijux-proteomics-core,bijux_proteomics/workflow/runs.py,jsonmodel
LocalRunBundle,bijux-proteomics-runtime,bijux_proteomics_runtime/runtime/control/replay.py,jsonmodel
LoggerProtocol,bijux-proteomics-intelligence,bijux_proteomics_intelligence/design_loop/loop.py,protocol
LongHorizonReproducibilityReport,bijux-proteomics-core,bijux_proteomics/benchmarks/__init__.py,jsonmodel
LoopAction,bijux-proteomics-intelligence,bijux_proteomics_intelligence/design_loop/loop.py,strenum
LoopLimits,bijux-proteomics-runtime,bijux_proteomics_runtime/core/execution.py,basemodel
LoopState,bijux-proteomics-runtime,bijux_proteomics_runtime/core/execution.py,basemodel
ManualEvidenceNote,bijux-proteomics-knowledge,bijux_proteomics_knowledge/ingestion.py,jsonmodel
MassType,bijux-proteomics-core,bijux_proteomics/chemistry/__init__.py,strenum
MaterialConstraintReport,bijux-proteomics-lab,bijux_proteomics_lab/planning.py,jsonmodel
MaterialFeasibilityPriority,bijux-proteomics-lab,bijux_proteomics_lab/planning.py,jsonmodel
MaterialInventory,bijux-proteomics-lab,bijux_proteomics_lab/planning.py,jsonmodel
MaterialRequirement,bijux-proteomics-lab,bijux_proteomics_lab/planning.py,jsonmodel
MaterialReservation,bijux-proteomics-lab,bijux_proteomics_lab/planning.py,jsonmodel
MatureEcosystemComparisonReport,bijux-proteomics-core,bijux_proteomics/adoption/__init__.py,jsonmodel
MeasurementDirection,bijux-proteomics-core,bijux_proteomics/domain/criteria.py,strenum
MechanismLiability,bijux-proteomics-core,bijux_proteomics/domain/targets.py,basemodel
MechanisticCompletenessReport,bijux-proteomics-knowledge,bijux_proteomics_knowledge/claims.py,jsonmodel
MemoryRecord,bijux-proteomics-runtime,bijux_proteomics_runtime/memory/schemas.py,basemodel
MergedSearchSpectrumEntry,bijux-proteomics-core,bijux_proteomics/identification/search_adapters.py,jsonmodel
MethodsSectionDocument,bijux-proteomics-core,bijux_proteomics/collaboration/__init__.py,jsonmodel
MethodsSectionInput,bijux-proteomics-core,bijux_proteomics/collaboration/__init__.py,jsonmodel
MetricCatalogAuditReport,bijux-proteomics-intelligence,bijux_proteomics_intelligence/policies.py,jsonmodel
MetricCoverageSummary,bijux-proteomics-intelligence,bijux_proteomics_intelligence/briefs.py,jsonmodel
MetricDefinition,bijux-proteomics-intelligence,bijux_proteomics_intelligence/policies.py,jsonmodel
MetricDirection,bijux-proteomics-intelligence,bijux_proteomics_intelligence/policies.py,strenum
MetricFamily,bijux-proteomics-core,bijux_proteomics/domain/criteria.py,strenum
MetricValue,bijux-proteomics-intelligence,bijux_proteomics_intelligence/domain/metrics/quality.py,basemodel
MgfParseReport,bijux-proteomics-core,bijux_proteomics/io/spectra.py,jsonmodel
MillionPsmIngestionBenchmarkInput,bijux-proteomics-core,bijux_proteomics/benchmarks/__init__.py,jsonmodel
MillionPsmIngestionBenchmarkReport,bijux-proteomics-core,bijux_proteomics/benchmarks/__init__.py,jsonmodel
MissingChannelPolicy,bijux-proteomics-core,bijux_proteomics/quantification/__init__.py,strenum
MissingDataMechanism,bijux-proteomics-core,bijux_proteomics/quantification/__init__.py,strenum
MissingDataMechanismEntry,bijux-proteomics-core,bijux_proteomics/quantification/__init__.py,jsonmodel
MissingDataMechanismReport,bijux-proteomics-core,bijux_proteomics/quantification/__init__.py,jsonmodel
MissingMultiplexChannelEntry,bijux-proteomics-core,bijux_proteomics/quantification/__init__.py,jsonmodel
MissingValueCorrectionPolicy,bijux-proteomics-core,bijux_proteomics/quantification/__init__.py,strenum
MissingValueKind,bijux-proteomics-core,bijux_proteomics/quantification/__init__.py,strenum
MissingValueSummaryEntry,bijux-proteomics-core,bijux_proteomics/quantification/__init__.py,jsonmodel
MissingValueSummaryPolicy,bijux-proteomics-core,bijux_proteomics/quantification/__init__.py,jsonmodel
MissingValueSummaryReport,bijux-proteomics-core,bijux_proteomics/quantification/__init__.py,jsonmodel
MissingnessMechanismKind,bijux-proteomics-core,bijux_proteomics/quantification/review.py,strenum
MissingnessMechanismProfileEntry,bijux-proteomics-core,bijux_proteomics/quantification/review.py,jsonmodel
MissingnessMechanismProfileReport,bijux-proteomics-core,bijux_proteomics/quantification/review.py,jsonmodel
MissingnessPatternAnalysis,bijux-proteomics-intelligence,bijux_proteomics_intelligence/interpretation.py,jsonmodel
MissingnessPatternEntry,bijux-proteomics-intelligence,bijux_proteomics_intelligence/interpretation.py,jsonmodel
MissingnessPatternLabel,bijux-proteomics-intelligence,bijux_proteomics_intelligence/interpretation.py,strenum
ModalityCoverageReport,bijux-proteomics-knowledge,bijux_proteomics_knowledge/evidence.py,jsonmodel
ModificationLocalizationAdvisory,bijux-proteomics-core,bijux_proteomics/chemistry/__init__.py,jsonmodel
ModificationLocalizationCandidate,bijux-proteomics-core,bijux_proteomics/chemistry/__init__.py,jsonmodel
ModificationLocalizationState,bijux-proteomics-core,bijux_proteomics/chemistry/__init__.py,strenum
ModificationLocalizationStatus,bijux-proteomics-core,bijux_proteomics/chemistry/__init__.py,strenum
ModificationPosition,bijux-proteomics-core,bijux_proteomics/chemistry/__init__.py,strenum
ModificationProvenance,bijux-proteomics-core,bijux_proteomics/chemistry/__init__.py,jsonmodel
ModificationRegistryDocument,bijux-proteomics-core,bijux_proteomics/chemistry/__init__.py,jsonmodel
ModificationRegistryValidationIssue,bijux-proteomics-core,bijux_proteomics/chemistry/__init__.py,jsonmodel
ModificationRegistryValidationReport,bijux-proteomics-core,bijux_proteomics/chemistry/__init__.py,jsonmodel
ModificationSiteValidationIssue,bijux-proteomics-core,bijux_proteomics/chemistry/__init__.py,jsonmodel
ModificationSiteValidationReport,bijux-proteomics-core,bijux_proteomics/chemistry/__init__.py,jsonmodel
ModifiedPeptideConflictIssue,bijux-proteomics-core,bijux_proteomics/chemistry/modified_peptide_conflicts.py,jsonmodel
ModifiedPeptideConflictReport,bijux-proteomics-core,bijux_proteomics/chemistry/modified_peptide_conflicts.py,jsonmodel
ModifiedPeptideExportRecord,bijux-proteomics-core,bijux_proteomics/chemistry/__init__.py,jsonmodel
Ms1FeatureColumnMapping,bijux-proteomics-core,bijux_proteomics/quantification/__init__.py,jsonmodel
Ms1FeatureParseReport,bijux-proteomics-core,bijux_proteomics/quantification/__init__.py,jsonmodel
Ms1FeatureRecord,bijux-proteomics-core,bijux_proteomics/quantification/__init__.py,jsonmodel
Ms1FeatureTableIngestionReport,bijux-proteomics-core,bijux_proteomics/io/ingestion.py,jsonmodel
MultiDecisionReadiness,bijux-proteomics-knowledge,bijux_proteomics_knowledge/review.py,jsonmodel
MultiObjectiveRankingEntry,bijux-proteomics-core,bijux_proteomics/intelligence/__init__.py,jsonmodel
MultiObjectiveRankingInput,bijux-proteomics-core,bijux_proteomics/intelligence/__init__.py,jsonmodel
MultiObjectiveRankingReport,bijux-proteomics-core,bijux_proteomics/intelligence/__init__.py,jsonmodel
MultiplexChannelAssignment,bijux-proteomics-lab,bijux_proteomics_lab/design.py,jsonmodel
MultiplexChannelBalanceDiagnosticsReport,bijux-proteomics-core,bijux_proteomics/quantification/review.py,jsonmodel
MultiplexChannelBalanceEntry,bijux-proteomics-core,bijux_proteomics/quantification/__init__.py,jsonmodel
MultiplexChannelBalanceReport,bijux-proteomics-core,bijux_proteomics/quantification/__init__.py,jsonmodel
MultiplexChannelRole,bijux-proteomics-lab,bijux_proteomics_lab/design.py,strenum
MultiplexLabelingPlan,bijux-proteomics-lab,bijux_proteomics_lab/design.py,jsonmodel
MultiplexNormalizationPolicy,bijux-proteomics-core,bijux_proteomics/quantification/__init__.py,jsonmodel
MutationAnnotation,bijux-proteomics-intelligence,bijux_proteomics_intelligence/candidates.py,jsonmodel
MutationBurdenSignals,bijux-proteomics-intelligence,bijux_proteomics_intelligence/candidates.py,jsonmodel
MutationPlan,bijux-proteomics-runtime,bijux_proteomics_runtime/agents/planning/schemas.py,basemodel
MutationRiskSummary,bijux-proteomics-intelligence,bijux_proteomics_intelligence/candidates.py,jsonmodel
MzIdentMlIngestionReport,bijux-proteomics-core,bijux_proteomics/io/ingestion.py,jsonmodel
MzTabIngestionReport,bijux-proteomics-core,bijux_proteomics/io/ingestion.py,jsonmodel
MzmlDecodingSupportReport,bijux-proteomics-core,bijux_proteomics/io/ingestion.py,jsonmodel
MzmlParseReport,bijux-proteomics-core,bijux_proteomics/io/formats.py,jsonmodel
MzmlRunMetadata,bijux-proteomics-core,bijux_proteomics/io/formats.py,jsonmodel
NegativeScienceCase,bijux-proteomics-core,bijux_proteomics/corpus/__init__.py,jsonmodel
NegativeScienceCaseOutcome,bijux-proteomics-core,bijux_proteomics/corpus/__init__.py,strenum
NegativeScienceCorpusReport,bijux-proteomics-core,bijux_proteomics/corpus/__init__.py,jsonmodel
NeutralLoss,bijux-proteomics-core,bijux_proteomics/chemistry/__init__.py,jsonmodel
NextAssayPriority,bijux-proteomics-lab,bijux_proteomics_lab/planning.py,jsonmodel
NextBestExperiment,bijux-proteomics-lab,bijux_proteomics_lab/planning.py,jsonmodel
NormalizationComparisonReport,bijux-proteomics-core,bijux_proteomics/quantification/__init__.py,jsonmodel
NormalizationMethod,bijux-proteomics-core,bijux_proteomics/quantification/__init__.py,strenum
NormalizationPolicyComparisonEntry,bijux-proteomics-core,bijux_proteomics/quantification/review.py,jsonmodel
NormalizationPolicyComparisonMatrixReport,bijux-proteomics-core,bijux_proteomics/quantification/review.py,jsonmodel
NormalizationSampleSnapshot,bijux-proteomics-core,bijux_proteomics/quantification/__init__.py,jsonmodel
NormalizationStrategyComparisonReport,bijux-proteomics-core,bijux_proteomics/quantification/__init__.py,jsonmodel
NormalizationStrategySummaryEntry,bijux-proteomics-core,bijux_proteomics/quantification/__init__.py,jsonmodel
NormalizedEvidenceInput,bijux-proteomics-knowledge,bijux_proteomics_knowledge/ingestion.py,jsonmodel
NormalizedProteinRecord,bijux-proteomics-core,bijux_proteomics/sequences/core.py,jsonmodel
NormalizedRunBundleManifest,bijux-proteomics-core,bijux_proteomics/io/formats.py,jsonmodel
NormalizedScoreEntry,bijux-proteomics-core,bijux_proteomics/identification/__init__.py,jsonmodel
NoveltyDiversitySummary,bijux-proteomics-intelligence,bijux_proteomics_intelligence/briefs.py,jsonmodel
NullabilityState,bijux-proteomics-foundation,bijux_proteomics_foundation/documents.py,strenum
NullableValue,bijux-proteomics-foundation,bijux_proteomics_foundation/documents.py,jsonmodel
Observation,bijux-proteomics-runtime,bijux_proteomics_runtime/core/observations.py,basemodel
ObservationMetric,bijux-proteomics-runtime,bijux_proteomics_runtime/core/observations.py,basemodel
ObservationQualityProfile,bijux-proteomics-lab,bijux_proteomics_lab/outcomes.py,jsonmodel
ObservationSummary,bijux-proteomics-lab,bijux_proteomics_lab/outcomes.py,jsonmodel
ObservationValidationIssue,bijux-proteomics-lab,bijux_proteomics_lab/outcomes.py,jsonmodel
ObservedLabOutcome,bijux-proteomics-core,bijux_proteomics/study/__init__.py,jsonmodel
ObservedOutcomeSignal,bijux-proteomics-core,bijux_proteomics/lab/planning.py,jsonmodel
ObservedProperty,bijux-proteomics-runtime,bijux_proteomics_runtime/execution/evaluation/schemas.py,basemodel
OpenSearchUnknownModificationReport,bijux-proteomics-core,bijux_proteomics/chemistry/open_search_unknown_mod.py,jsonmodel
OperatingModel,bijux-proteomics-core,bijux_proteomics/domain/operating_model.py,basemodel
OperationDisposition,bijux-proteomics-foundation,bijux_proteomics_foundation/results.py,strenum
OperationRefusal,bijux-proteomics-foundation,bijux_proteomics_foundation/refusals.py,jsonmodel
OperationResult,bijux-proteomics-foundation,bijux_proteomics_foundation/results.py,jsonmodel
OperationalDecisionLabel,bijux-proteomics-knowledge,bijux_proteomics_knowledge/review.py,jsonmodel
OperationalFollowUpPath,bijux-proteomics-lab,bijux_proteomics_lab/reconciliation.py,jsonmodel
OperationalReadinessReport,bijux-proteomics-lab,bijux_proteomics_lab/readiness.py,jsonmodel
OptimizationAxis,bijux-proteomics-intelligence,bijux_proteomics_intelligence/briefs.py,strenum
OrchestrationStep,bijux-proteomics-runtime,bijux_proteomics_runtime/agents/schemas.py,basemodel
OrthogonalConfirmationPlan,bijux-proteomics-lab,bijux_proteomics_lab/planning.py,jsonmodel
OrthogonalPolicy,bijux-proteomics-lab,bijux_proteomics_lab/planning.py,jsonmodel
Outcome,bijux-proteomics-runtime,bijux_proteomics_runtime/core/status.py,strenum
OutcomeFeedbackMapping,bijux-proteomics-lab,bijux_proteomics_lab/outcomes.py,jsonmodel
OutcomePromotionPolicy,bijux-proteomics-lab,bijux_proteomics_lab/outcomes.py,jsonmodel
OutcomeReconciliationReport,bijux-proteomics-lab,bijux_proteomics_lab/reconciliation.py,jsonmodel
OutcomeReliabilityAssessment,bijux-proteomics-lab,bijux_proteomics_lab/outcomes.py,jsonmodel
OutcomeReliabilityTier,bijux-proteomics-lab,bijux_proteomics_lab/outcomes.py,strenum
OutcomeSeverity,bijux-proteomics-core,bijux_proteomics/domain/targets.py,strenum
OutlierInterpretationClass,bijux-proteomics-intelligence,bijux_proteomics_intelligence/interpretation.py,strenum
OutlierQcIntegratedEntry,bijux-proteomics-core,bijux_proteomics/intelligence/__init__.py,jsonmodel
OutlierQcIntegratedReport,bijux-proteomics-core,bijux_proteomics/intelligence/__init__.py,jsonmodel
OutlierSampleExplanation,bijux-proteomics-intelligence,bijux_proteomics_intelligence/interpretation.py,jsonmodel
OutputExpectation,bijux-proteomics-runtime,bijux_proteomics_runtime/core/tooling.py,basemodel
OutputReference,bijux-proteomics-runtime,bijux_proteomics_runtime/agents/schemas.py,basemodel
PLDDTBand,bijux-proteomics-core,bijux_proteomics/structure_report/compute.py,strenum
PackageLevelExampleWorkflowCatalog,bijux-proteomics-core,bijux_proteomics/interfaces/api.py,jsonmodel
PaginationMeta,bijux-proteomics-runtime,bijux_proteomics_runtime/api/v1/schema.py,basemodel
ParallelExecutionGroup,bijux-proteomics-core,bijux_proteomics/workflow/runtime.py,jsonmodel
ParallelExecutionPlan,bijux-proteomics-core,bijux_proteomics/workflow/runtime.py,jsonmodel
ParetoFrontResult,bijux-proteomics-intelligence,bijux_proteomics_intelligence/candidates.py,jsonmodel
ParsedModifiedPeptide,bijux-proteomics-core,bijux_proteomics/chemistry/__init__.py,jsonmodel
ParsedMutation,bijux-proteomics-intelligence,bijux_proteomics_intelligence/candidates.py,jsonmodel
ParsimonyProteinEntry,bijux-proteomics-core,bijux_proteomics/identification/__init__.py,jsonmodel
ParsimonyVariant,bijux-proteomics-core,bijux_proteomics/identification/__init__.py,strenum
ParsimonyVariantComparisonReport,bijux-proteomics-core,bijux_proteomics/identification/__init__.py,jsonmodel
ParsimonyVariantDifferenceEntry,bijux-proteomics-core,bijux_proteomics/identification/__init__.py,jsonmodel
ParsimonyVariantResult,bijux-proteomics-core,bijux_proteomics/identification/__init__.py,jsonmodel
PartialRerunPlan,bijux-proteomics-runtime,bijux_proteomics_runtime/runtime/control/reruns.py,jsonmodel
PartialRerunStep,bijux-proteomics-runtime,bijux_proteomics_runtime/runtime/control/reruns.py,jsonmodel
PartialWorkflowRerunAction,bijux-proteomics-core,bijux_proteomics/workflow/reproducibility.py,jsonmodel
PartialWorkflowRerunPlan,bijux-proteomics-core,bijux_proteomics/workflow/reproducibility.py,jsonmodel
PartialWorkflowRerunRequest,bijux-proteomics-core,bijux_proteomics/workflow/reproducibility.py,jsonmodel
PathwayCautionIssue,bijux-proteomics-core,bijux_proteomics/intelligence/__init__.py,jsonmodel
PathwayCautionReport,bijux-proteomics-core,bijux_proteomics/intelligence/__init__.py,jsonmodel
PathwayInterpretationCaution,bijux-proteomics-intelligence,bijux_proteomics_intelligence/interpretation.py,jsonmodel
PathwayInterpretationCautionCode,bijux-proteomics-intelligence,bijux_proteomics_intelligence/interpretation.py,strenum
PathwayInterpretationCautionReport,bijux-proteomics-intelligence,bijux_proteomics_intelligence/interpretation.py,jsonmodel
PathwayInterpretationState,bijux-proteomics-core,bijux_proteomics/intelligence/__init__.py,strenum
PeakNormalizationPolicy,bijux-proteomics-core,bijux_proteomics/io/spectra.py,jsonmodel
PeptideChargeState,bijux-proteomics-core,bijux_proteomics/chemistry/__init__.py,jsonmodel
PeptideDigestManifest,bijux-proteomics-core,bijux_proteomics/sequences/digestion.py,jsonmodel
PeptideDigestionMode,bijux-proteomics-core,bijux_proteomics/sequences/digestion.py,strenum
PeptideEvidenceEntry,bijux-proteomics-core,bijux_proteomics/identification/__init__.py,jsonmodel
PeptideFilterReport,bijux-proteomics-core,bijux_proteomics/sequences/digestion.py,jsonmodel
PeptideIsotopeEnvelope,bijux-proteomics-core,bijux_proteomics/chemistry/__init__.py,jsonmodel
PeptideOriginCoordinate,bijux-proteomics-core,bijux_proteomics/sequences/digestion.py,jsonmodel
PeptideProteinIndexEntry,bijux-proteomics-core,bijux_proteomics/sequences/digestion.py,jsonmodel
PeptideProteinTraceEntry,bijux-proteomics-core,bijux_proteomics/identification/__init__.py,jsonmodel
PeptideProteinTraceReport,bijux-proteomics-core,bijux_proteomics/identification/__init__.py,jsonmodel
PeptideSummaryReport,bijux-proteomics-core,bijux_proteomics/identification/__init__.py,jsonmodel
PeptideUniqueness,bijux-proteomics-core,bijux_proteomics/sequences/digestion.py,strenum
PeptideUniquenessAuditClass,bijux-proteomics-core,bijux_proteomics/sequences/peptide_uniqueness_audit.py,strenum
PeptideUniquenessAuditEntry,bijux-proteomics-core,bijux_proteomics/sequences/peptide_uniqueness_audit.py,jsonmodel
PeptideUniquenessAuditReport,bijux-proteomics-core,bijux_proteomics/sequences/peptide_uniqueness_audit.py,jsonmodel
PeptideUniquenessEntry,bijux-proteomics-core,bijux_proteomics/sequences/digestion.py,jsonmodel
PermissionMode,bijux-proteomics-core,bijux_proteomics/biology/regulator.py,strenum
PickedProteinFdrEntry,bijux-proteomics-core,bijux_proteomics/identification/__init__.py,jsonmodel
PipelineResultProtocol,bijux-proteomics-intelligence,bijux_proteomics_intelligence/design_loop/loop.py,protocol
PipelineRunner,bijux-proteomics-intelligence,bijux_proteomics_intelligence/design_loop/loop.py,protocol
Plan,bijux-proteomics-runtime,bijux_proteomics_runtime/agents/planning/schemas.py,basemodel
PlanDecision,bijux-proteomics-runtime,bijux_proteomics_runtime/agents/planning/schemas.py,basemodel
PlanMetadata,bijux-proteomics-runtime,bijux_proteomics_runtime/core/observations.py,basemodel
PlanPayload,bijux-proteomics-runtime,bijux_proteomics_runtime/memory/schemas.py,basemodel
PlanValidationIssue,bijux-proteomics-lab,bijux_proteomics_lab/planning.py,jsonmodel
PlannedLabOutcome,bijux-proteomics-core,bijux_proteomics/study/__init__.py,jsonmodel
PlannedObservedAssayDelta,bijux-proteomics-lab,bijux_proteomics_lab/reconciliation.py,jsonmodel
PlannedObservedLearningLoopReport,bijux-proteomics-core,bijux_proteomics/lab/planning.py,jsonmodel
PlannedRecommendation,bijux-proteomics-core,bijux_proteomics/lab/planning.py,jsonmodel
PlannerAgentInput,bijux-proteomics-runtime,bijux_proteomics_runtime/agents/schemas.py,basemodel
PlannerProtocol,bijux-proteomics-runtime,bijux_proteomics_runtime/agents/planning/generation.py,protocol
PlanningDecisionLike,bijux-proteomics-runtime,bijux_proteomics_runtime/agents/planning/generation.py,protocol
PlanningHypothesis,bijux-proteomics-runtime,bijux_proteomics_runtime/agents/planning/schemas.py,basemodel
PlanningPolicy,bijux-proteomics-lab,bijux_proteomics_lab/planning.py,jsonmodel
PlateLayoutEntry,bijux-proteomics-core,bijux_proteomics/study/__init__.py,jsonmodel
PlateLayoutValidationIssue,bijux-proteomics-core,bijux_proteomics/study/__init__.py,jsonmodel
PlateLayoutValidationReport,bijux-proteomics-core,bijux_proteomics/study/__init__.py,jsonmodel
PlateRandomizationIssue,bijux-proteomics-core,bijux_proteomics/lab/operations.py,jsonmodel
PlateRandomizationPlan,bijux-proteomics-core,bijux_proteomics/lab/operations.py,jsonmodel
PlateRandomizationRequest,bijux-proteomics-core,bijux_proteomics/lab/operations.py,jsonmodel
PlateRandomizationStrategy,bijux-proteomics-core,bijux_proteomics/lab/operations.py,strenum
PortableRunBundle,bijux-proteomics-core,bijux_proteomics/workflow/reproducibility.py,jsonmodel
PortableRunBundleFile,bijux-proteomics-core,bijux_proteomics/workflow/reproducibility.py,jsonmodel
PortfolioDecisionReport,bijux-proteomics-intelligence,bijux_proteomics_intelligence/evaluators.py,jsonmodel
PortfolioMutationBurdenSummary,bijux-proteomics-intelligence,bijux_proteomics_intelligence/candidates.py,jsonmodel
PortfolioRiskSummary,bijux-proteomics-intelligence,bijux_proteomics_intelligence/candidates.py,jsonmodel
PortfolioSelectionPolicy,bijux-proteomics-intelligence,bijux_proteomics_intelligence/candidates.py,jsonmodel
PortfolioSelectionResult,bijux-proteomics-intelligence,bijux_proteomics_intelligence/candidates.py,jsonmodel
PowerAnalysisAdvisory,bijux-proteomics-lab,bijux_proteomics_lab/design.py,jsonmodel
PrecursorIsotopeOffsetAdvisory,bijux-proteomics-core,bijux_proteomics/io/spectra.py,jsonmodel
PrecursorIsotopeOffsetCandidate,bijux-proteomics-core,bijux_proteomics/io/spectra.py,jsonmodel
PrecursorMassError,bijux-proteomics-core,bijux_proteomics/io/spectra.py,jsonmodel
PreflightCheck,bijux-proteomics-runtime,bijux_proteomics_runtime/runtime/control/preflight.py,jsonmodel
PreflightCheckState,bijux-proteomics-runtime,bijux_proteomics_runtime/runtime/control/preflight.py,strenum
ProductSimplificationByUsageReport,bijux-proteomics-core,bijux_proteomics/adoption/__init__.py,jsonmodel
ProgramContext,bijux-proteomics-core,bijux_proteomics/domain/context.py,basemodel
ProgramDeliveryContext,bijux-proteomics-core,bijux_proteomics/domain/context.py,basemodel
ProgramExecutionRequest,bijux-proteomics-core,bijux_proteomics/execution/runner.py,basemodel
ProgramLiability,bijux-proteomics-core,bijux_proteomics/domain/liabilities.py,jsonmodel
ProgramLifecycle,bijux-proteomics-core,bijux_proteomics/domain/lifecycle.py,jsonmodel
ProgramPortfolioContext,bijux-proteomics-core,bijux_proteomics/domain/context.py,basemodel
ProgramRepository,bijux-proteomics-core,bijux_proteomics/domain/repositories.py,protocol
ProgramSpec,bijux-proteomics-core,bijux_proteomics/domain/program_spec.py,jsonmodel
ProgramStage,bijux-proteomics-core,bijux_proteomics/domain/program_spec.py,strenum
ProgramValidationIssue,bijux-proteomics-core,bijux_proteomics/domain/validation.py,jsonmodel
ProgressDecision,bijux-proteomics-lab,bijux_proteomics_lab/planning.py,strenum
ProgressionPolicy,bijux-proteomics-intelligence,bijux_proteomics_intelligence/evaluators.py,jsonmodel
ProgressionPolicyConfig,bijux-proteomics-intelligence,bijux_proteomics_intelligence/policies.py,jsonmodel
PromotionDecision,bijux-proteomics-lab,bijux_proteomics_lab/lifecycle.py,jsonmodel
PromotionDecisionState,bijux-proteomics-lab,bijux_proteomics_lab/lifecycle.py,strenum
PromotionLifecycleAuditIssue,bijux-proteomics-lab,bijux_proteomics_lab/lifecycle.py,jsonmodel
PromotionTransition,bijux-proteomics-lab,bijux_proteomics_lab/lifecycle.py,jsonmodel
ProteaseCleavageMode,bijux-proteomics-core,bijux_proteomics/sequences/digestion.py,strenum
ProteaseDigestComparisonEntry,bijux-proteomics-core,bijux_proteomics/sequences/protease_digest_comparison.py,jsonmodel
ProteaseDigestComparisonReport,bijux-proteomics-core,bijux_proteomics/sequences/protease_digest_comparison.py,jsonmodel
ProteaseRule,bijux-proteomics-core,bijux_proteomics/sequences/digestion.py,jsonmodel
ProteinAnnotationAssignment,bijux-proteomics-intelligence,bijux_proteomics_intelligence/interpretation.py,jsonmodel
ProteinCoverageEntry,bijux-proteomics-core,bijux_proteomics/identification/__init__.py,jsonmodel
ProteinDomain,bijux-proteomics-core,bijux_proteomics/domain/targets.py,basemodel
ProteinEvidenceEntry,bijux-proteomics-core,bijux_proteomics/identification/__init__.py,jsonmodel
ProteinFailure,bijux-proteomics-core,bijux_proteomics/biology/protein_agent.py,strenum
ProteinFamilyEvidenceEdge,bijux-proteomics-core,bijux_proteomics/protein_family_evidence_graph.py,jsonmodel
ProteinFamilyEvidenceGraph,bijux-proteomics-core,bijux_proteomics/protein_family_evidence_graph.py,jsonmodel
ProteinFamilyEvidenceNode,bijux-proteomics-core,bijux_proteomics/protein_family_evidence_graph.py,jsonmodel
ProteinFamilyEvidenceNodeKind,bijux-proteomics-core,bijux_proteomics/protein_family_evidence_graph.py,strenum
ProteinGroupEntry,bijux-proteomics-core,bijux_proteomics/identification/__init__.py,jsonmodel
ProteinInferenceStrategyComparisonEntry,bijux-proteomics-core,bijux_proteomics/identification/confidence.py,jsonmodel
ProteinInferenceStrategyComparisonReport,bijux-proteomics-core,bijux_proteomics/identification/confidence.py,jsonmodel
ProteinInferenceStrategyKind,bijux-proteomics-core,bijux_proteomics/identification/confidence.py,strenum
ProteinInferenceStrategySelection,bijux-proteomics-core,bijux_proteomics/identification/confidence.py,jsonmodel
ProteinLifecycle,bijux-proteomics-core,bijux_proteomics/biology/protein_agent.py,strenum
ProteinMotif,bijux-proteomics-core,bijux_proteomics/domain/targets.py,basemodel
ProteinQuantAssignmentPolicy,bijux-proteomics-core,bijux_proteomics/quantification/__init__.py,strenum
ProteinQuantPolicyComparisonEntry,bijux-proteomics-core,bijux_proteomics/quantification/__init__.py,jsonmodel
ProteinQuantPolicyComparisonReport,bijux-proteomics-core,bijux_proteomics/quantification/__init__.py,jsonmodel
ProteinQuantPolicyValue,bijux-proteomics-core,bijux_proteomics/quantification/__init__.py,jsonmodel
ProteinQuantRollupEvidenceEntry,bijux-proteomics-core,bijux_proteomics/quantification/__init__.py,jsonmodel
ProteinRollupStrategyComparisonEntry,bijux-proteomics-core,bijux_proteomics/quantification/review.py,jsonmodel
ProteinRollupStrategyComparisonReport,bijux-proteomics-core,bijux_proteomics/quantification/review.py,jsonmodel
ProteinRollupStrategyKind,bijux-proteomics-core,bijux_proteomics/quantification/review.py,strenum
ProteinRollupStrategyValue,bijux-proteomics-core,bijux_proteomics/quantification/review.py,jsonmodel
ProteinSequence,bijux-proteomics-core,bijux_proteomics/sequences/core.py,jsonmodel
ProteinSetEnrichmentEntry,bijux-proteomics-intelligence,bijux_proteomics_intelligence/interpretation.py,jsonmodel
ProteinSetEnrichmentReport,bijux-proteomics-intelligence,bijux_proteomics_intelligence/interpretation.py,jsonmodel
ProteinState,bijux-proteomics-core,bijux_proteomics/biology/protein_agent.py,strenum
ProteinSummaryEntry,bijux-proteomics-core,bijux_proteomics/identification/__init__.py,jsonmodel
ProteinSummaryReport,bijux-proteomics-core,bijux_proteomics/identification/__init__.py,jsonmodel
ProteinTarget,bijux-proteomics-core,bijux_proteomics/domain/targets.py,basemodel
ProteoformEvidenceLevel,bijux-proteomics-core,bijux_proteomics/proteoform_identity.py,strenum
ProteoformIdentity,bijux-proteomics-core,bijux_proteomics/proteoform_identity.py,jsonmodel
ProteoformPtmAssignment,bijux-proteomics-core,bijux_proteomics/proteoform_identity.py,jsonmodel
ProteomicsArtifactFlags,bijux-proteomics-knowledge,bijux_proteomics_knowledge/evidence.py,jsonmodel
ProteomicsArtifactInventory,bijux-proteomics-core,bijux_proteomics/workflow/runtime.py,jsonmodel
ProteomicsArtifactRegistry,bijux-proteomics-core,bijux_proteomics/workflow/runtime.py,jsonmodel
ProteomicsDagPlan,bijux-proteomics-core,bijux_proteomics/workflow/runtime.py,jsonmodel
ProteomicsFormatKind,bijux-proteomics-core,bijux_proteomics/io/formats.py,strenum
ProteomicsOperatorErrorCode,bijux-proteomics-core,bijux_proteomics/exceptions.py,strenum
ProteomicsPerformanceOperation,bijux-proteomics-core,bijux_proteomics/qc.py,jsonmodel
ProteomicsPerformanceSnapshot,bijux-proteomics-core,bijux_proteomics/qc.py,jsonmodel
ProteomicsRunMetadata,bijux-proteomics-core,bijux_proteomics/io/formats.py,jsonmodel
ProteomicsWorkflowManifest,bijux-proteomics-core,bijux_proteomics/workflow/runtime.py,jsonmodel
ProteomicsWorkflowRuntimeBundle,bijux-proteomics-core,bijux_proteomics/workflow/runtime.py,jsonmodel
ProteomicsWorkflowTemplate,bijux-proteomics-core,bijux_proteomics/workflow/runtime.py,jsonmodel
ProtocolAttachmentBoundaryReport,bijux-proteomics-core,bijux_proteomics/lab/operations.py,jsonmodel
ProtocolAttachmentInput,bijux-proteomics-core,bijux_proteomics/lab/operations.py,jsonmodel
ProtocolControlRequirement,bijux-proteomics-lab,bijux_proteomics_lab/protocols.py,jsonmodel
ProtocolFailureCaveat,bijux-proteomics-lab,bijux_proteomics_lab/protocols.py,jsonmodel
ProvenancePointer,bijux-proteomics-foundation,bijux_proteomics_foundation/provenance.py,jsonmodel
ProvenancePointerKind,bijux-proteomics-foundation,bijux_proteomics_foundation/provenance.py,strenum
ProviderCapabilityEntry,bijux-proteomics-core,bijux_proteomics/execution/providers.py,jsonmodel
ProviderCapabilityRegistry,bijux-proteomics-core,bijux_proteomics/execution/providers.py,jsonmodel
ProviderCapabilityState,bijux-proteomics-core,bijux_proteomics/execution/providers.py,strenum
PsmParseReport,bijux-proteomics-core,bijux_proteomics/identification/__init__.py,jsonmodel
PsmPeptideProteinTraceBundle,bijux-proteomics-core,bijux_proteomics/identification/confidence.py,jsonmodel
PsmRecord,bijux-proteomics-core,bijux_proteomics/identification/__init__.py,jsonmodel
PsmSortField,bijux-proteomics-core,bijux_proteomics/identification/__init__.py,strenum
PsmSummaryReport,bijux-proteomics-core,bijux_proteomics/identification/__init__.py,jsonmodel
PtmAcetylReviewFixtureReport,bijux-proteomics-core,bijux_proteomics/ptm/review.py,jsonmodel
PtmCooccurrenceCautionReport,bijux-proteomics-core,bijux_proteomics/ptm/review.py,jsonmodel
PtmCooccurrencePairCautionEntry,bijux-proteomics-core,bijux_proteomics/ptm/review.py,jsonmodel
PtmCoordinateValidationIssue,bijux-proteomics-core,bijux_proteomics/ptm/__init__.py,jsonmodel
PtmCoordinateValidationReport,bijux-proteomics-core,bijux_proteomics/ptm/__init__.py,jsonmodel
PtmEnrichmentInput,bijux-proteomics-core,bijux_proteomics/ptm/__init__.py,jsonmodel
PtmEvidenceParseReport,bijux-proteomics-core,bijux_proteomics/ptm/__init__.py,jsonmodel
PtmEvidenceRecord,bijux-proteomics-core,bijux_proteomics/ptm/__init__.py,jsonmodel
PtmHotspot,bijux-proteomics-core,bijux_proteomics/domain/targets.py,basemodel
PtmIdentificationConfidenceEntry,bijux-proteomics-core,bijux_proteomics/identification/__init__.py,jsonmodel
PtmIdentificationConfidenceIssue,bijux-proteomics-core,bijux_proteomics/identification/__init__.py,jsonmodel
PtmIdentificationConfidenceReport,bijux-proteomics-core,bijux_proteomics/identification/__init__.py,jsonmodel
PtmIdentificationObservation,bijux-proteomics-core,bijux_proteomics/identification/__init__.py,jsonmodel
PtmInterpretationReport,bijux-proteomics-intelligence,bijux_proteomics_intelligence/interpretation.py,jsonmodel
PtmInterpretationSite,bijux-proteomics-intelligence,bijux_proteomics_intelligence/interpretation.py,jsonmodel
PtmLabAssayRisk,bijux-proteomics-core,bijux_proteomics/ptm/review.py,strenum
PtmLabValidationPacket,bijux-proteomics-core,bijux_proteomics/ptm/review.py,jsonmodel
PtmLabValidationTargetEntry,bijux-proteomics-core,bijux_proteomics/ptm/review.py,jsonmodel
PtmLocalizationColumnMapping,bijux-proteomics-core,bijux_proteomics/ptm/__init__.py,jsonmodel
PtmMiniStudyBundle,bijux-proteomics-core,bijux_proteomics/corpus/__init__.py,jsonmodel
PtmMotifBackgroundEntry,bijux-proteomics-core,bijux_proteomics/ptm/__init__.py,jsonmodel
PtmMotifBackgroundReport,bijux-proteomics-core,bijux_proteomics/ptm/__init__.py,jsonmodel
PtmMotifEnrichmentBackgroundProvenanceReport,bijux-proteomics-core,bijux_proteomics/ptm/review.py,jsonmodel
PtmMotifEnrichmentTermEntry,bijux-proteomics-core,bijux_proteomics/ptm/review.py,jsonmodel
PtmMotifWindow,bijux-proteomics-core,bijux_proteomics/ptm/__init__.py,jsonmodel
PtmOccupancyCounterpartEvidenceEntry,bijux-proteomics-core,bijux_proteomics/ptm/review.py,jsonmodel
PtmOccupancyCounterpartEvidenceReport,bijux-proteomics-core,bijux_proteomics/ptm/review.py,jsonmodel
PtmOccupancyCounterpartStatus,bijux-proteomics-core,bijux_proteomics/ptm/review.py,strenum
PtmOccupancyEntry,bijux-proteomics-core,bijux_proteomics/ptm/__init__.py,jsonmodel
PtmOccupancyUncertainty,bijux-proteomics-core,bijux_proteomics/ptm/__init__.py,strenum
PtmPhosphoReviewFixtureReport,bijux-proteomics-core,bijux_proteomics/ptm/review.py,jsonmodel
PtmProteinSiteMapping,bijux-proteomics-core,bijux_proteomics/ptm/__init__.py,jsonmodel
PtmReportRouteRequest,bijux-proteomics-core,bijux_proteomics/interfaces/api.py,jsonmodel
PtmReportRouteResponse,bijux-proteomics-core,bijux_proteomics/interfaces/api.py,jsonmodel
PtmRuntimeWorkflowRunReport,bijux-proteomics-core,bijux_proteomics/workflow/runs.py,jsonmodel
PtmSiteAmbiguityEntry,bijux-proteomics-core,bijux_proteomics/ptm/__init__.py,jsonmodel
PtmSiteCoverageEntry,bijux-proteomics-core,bijux_proteomics/ptm/__init__.py,jsonmodel
PtmSiteEntry,bijux-proteomics-core,bijux_proteomics/ptm/__init__.py,jsonmodel
PtmSiteFdrBoundaryDisposition,bijux-proteomics-core,bijux_proteomics/ptm/review.py,strenum
PtmSiteFdrBoundaryIssue,bijux-proteomics-core,bijux_proteomics/ptm/review.py,jsonmodel
PtmSiteFdrBoundaryReport,bijux-proteomics-core,bijux_proteomics/ptm/review.py,jsonmodel
PtmSiteFdrEntry,bijux-proteomics-core,bijux_proteomics/ptm/__init__.py,jsonmodel
PtmSiteFdrReport,bijux-proteomics-core,bijux_proteomics/ptm/__init__.py,jsonmodel
PtmSiteGroupEvidenceEntry,bijux-proteomics-core,bijux_proteomics/ptm/__init__.py,jsonmodel
PtmSiteLocalizationEvidenceGraph,bijux-proteomics-core,bijux_proteomics/ptm/review.py,jsonmodel
PtmSiteLocalizationEvidenceNode,bijux-proteomics-core,bijux_proteomics/ptm/review.py,jsonmodel
PtmValidationIssue,bijux-proteomics-core,bijux_proteomics/ptm/__init__.py,jsonmodel
QCStatus,bijux-proteomics-intelligence,bijux_proteomics_intelligence/domain/metrics/quality.py,strenum
QcAssessmentDisposition,bijux-proteomics-core,bijux_proteomics/qc.py,strenum
QcAssessmentProvenance,bijux-proteomics-core,bijux_proteomics/qc.py,jsonmodel
QcAssessmentSeverity,bijux-proteomics-core,bijux_proteomics/qc.py,strenum
QcBatchAssessmentReport,bijux-proteomics-core,bijux_proteomics/qc.py,jsonmodel
QcChargeStateEntry,bijux-proteomics-core,bijux_proteomics/qc.py,jsonmodel
QcContaminantPolicy,bijux-proteomics-core,bijux_proteomics/qc.py,jsonmodel
QcContaminantSummary,bijux-proteomics-core,bijux_proteomics/qc.py,jsonmodel
QcDigestionSpecificity,bijux-proteomics-core,bijux_proteomics/qc.py,strenum
QcDigestionSpecificityEntry,bijux-proteomics-core,bijux_proteomics/qc.py,jsonmodel
QcEvidenceInputFile,bijux-proteomics-core,bijux_proteomics/qc.py,jsonmodel
QcEvidenceManifest,bijux-proteomics-core,bijux_proteomics/qc.py,jsonmodel
QcIdentificationSummary,bijux-proteomics-core,bijux_proteomics/qc.py,jsonmodel
QcInstrumentSummary,bijux-proteomics-core,bijux_proteomics/qc.py,jsonmodel
QcMassErrorSummary,bijux-proteomics-core,bijux_proteomics/qc.py,jsonmodel
QcMetricAssessment,bijux-proteomics-core,bijux_proteomics/qc.py,jsonmodel
QcOutlierSampleEntry,bijux-proteomics-core,bijux_proteomics/quantification/review.py,jsonmodel
QcPublicationDecision,bijux-proteomics-core,bijux_proteomics/qc.py,jsonmodel
QcQuantSummary,bijux-proteomics-core,bijux_proteomics/qc.py,jsonmodel
QcRetentionTimeSummary,bijux-proteomics-core,bijux_proteomics/qc.py,jsonmodel
QcRunAnomalyCategory,bijux-proteomics-core,bijux_proteomics/qc.py,strenum
QcRunAnomalyEntry,bijux-proteomics-core,bijux_proteomics/qc.py,jsonmodel
QcRunAssessmentReport,bijux-proteomics-core,bijux_proteomics/qc.py,jsonmodel
QcRunBundleSummary,bijux-proteomics-core,bijux_proteomics/qc.py,jsonmodel
QcState,bijux-proteomics-lab,bijux_proteomics_lab/outcomes.py,strenum
QcThresholdPolicy,bijux-proteomics-core,bijux_proteomics/qc.py,jsonmodel
QcThresholdPolicyProfile,bijux-proteomics-core,bijux_proteomics/qc.py,jsonmodel
QcThresholdRule,bijux-proteomics-core,bijux_proteomics/qc.py,jsonmodel
QcUnknownStateReason,bijux-proteomics-core,bijux_proteomics/qc.py,strenum
QualityControlAgentInput,bijux-proteomics-runtime,bijux_proteomics_runtime/agents/schemas.py,basemodel
QualityControlAgentOutput,bijux-proteomics-runtime,bijux_proteomics_runtime/agents/schemas.py,basemodel
QuantArtifactBundle,bijux-proteomics-core,bijux_proteomics/quantification/__init__.py,jsonmodel
QuantAssessmentDisposition,bijux-proteomics-core,bijux_proteomics/quantification/__init__.py,strenum
QuantEntityLevel,bijux-proteomics-core,bijux_proteomics/quantification/__init__.py,strenum
QuantMatrixExport,bijux-proteomics-core,bijux_proteomics/quantification/__init__.py,jsonmodel
QuantMatrixExportRow,bijux-proteomics-core,bijux_proteomics/quantification/__init__.py,jsonmodel
QuantMeasureKind,bijux-proteomics-core,bijux_proteomics/quantification/__init__.py,strenum
QuantNormalizationPolicyKind,bijux-proteomics-core,bijux_proteomics/quantification/review.py,strenum
QuantNormalizationProvenance,bijux-proteomics-core,bijux_proteomics/quantification/__init__.py,jsonmodel
QuantOutlierObservation,bijux-proteomics-core,bijux_proteomics/intelligence/__init__.py,jsonmodel
QuantQcEvidenceIntegrationReport,bijux-proteomics-intelligence,bijux_proteomics_intelligence/interpretation.py,jsonmodel
QuantReportRouteRequest,bijux-proteomics-core,bijux_proteomics/interfaces/api.py,jsonmodel
QuantReportRouteResponse,bijux-proteomics-core,bijux_proteomics/interfaces/api.py,jsonmodel
QuantReproducibilityManifest,bijux-proteomics-core,bijux_proteomics/quantification/__init__.py,jsonmodel
QuantReviewBundle,bijux-proteomics-core,bijux_proteomics/quantification/review.py,jsonmodel
QuantRollupMethod,bijux-proteomics-core,bijux_proteomics/quantification/__init__.py,strenum
QuantRuntimeWorkflowRunReport,bijux-proteomics-core,bijux_proteomics/workflow/runs.py,jsonmodel
QuantSampleMetadataEntry,bijux-proteomics-core,bijux_proteomics/quantification/__init__.py,jsonmodel
QuantValidationIssue,bijux-proteomics-core,bijux_proteomics/quantification/__init__.py,jsonmodel
QuantValue,bijux-proteomics-core,bijux_proteomics/quantification/__init__.py,jsonmodel
QuantitativeCoverageReport,bijux-proteomics-knowledge,bijux_proteomics_knowledge/evidence.py,jsonmodel
QuantitativeSupport,bijux-proteomics-knowledge,bijux_proteomics_knowledge/evidence.py,jsonmodel
QuantitativeSupportReport,bijux-proteomics-knowledge,bijux_proteomics_knowledge/evidence.py,jsonmodel
QuantitativeValidationIssue,bijux-proteomics-knowledge,bijux_proteomics_knowledge/evidence.py,jsonmodel
RandomizedRunSlot,bijux-proteomics-lab,bijux_proteomics_lab/design.py,jsonmodel
RankedCandidate,bijux-proteomics-intelligence,bijux_proteomics_intelligence/briefs.py,jsonmodel
RankedEnrichmentEntry,bijux-proteomics-intelligence,bijux_proteomics_intelligence/interpretation.py,jsonmodel
RankedEnrichmentReport,bijux-proteomics-intelligence,bijux_proteomics_intelligence/interpretation.py,jsonmodel
RankedEntityScore,bijux-proteomics-intelligence,bijux_proteomics_intelligence/interpretation.py,jsonmodel
RankingAssumptionScenario,bijux-proteomics-intelligence,bijux_proteomics_intelligence/briefs.py,jsonmodel
RankingDiagnostics,bijux-proteomics-intelligence,bijux_proteomics_intelligence/briefs.py,jsonmodel
RankingDriftItem,bijux-proteomics-intelligence,bijux_proteomics_intelligence/briefs.py,jsonmodel
RankingDriftReport,bijux-proteomics-intelligence,bijux_proteomics_intelligence/briefs.py,jsonmodel
RankingFactor,bijux-proteomics-intelligence,bijux_proteomics_intelligence/policies.py,strenum
RankingPerturbationScenario,bijux-proteomics-core,bijux_proteomics/review/__init__.py,jsonmodel
RankingPolicy,bijux-proteomics-intelligence,bijux_proteomics_intelligence/policies.py,jsonmodel
RankingPolicyLanguageDocument,bijux-proteomics-core,bijux_proteomics/intelligence/__init__.py,jsonmodel
RankingPolicyLineage,bijux-proteomics-intelligence,bijux_proteomics_intelligence/policies.py,jsonmodel
RankingPolicyRule,bijux-proteomics-core,bijux_proteomics/intelligence/__init__.py,jsonmodel
RankingProvenanceEntry,bijux-proteomics-intelligence,bijux_proteomics_intelligence/briefs.py,jsonmodel
RankingRobustnessReport,bijux-proteomics-intelligence,bijux_proteomics_intelligence/briefs.py,jsonmodel
RankingRuleGroundingLedger,bijux-proteomics-knowledge,bijux_proteomics_knowledge/references/decision_rules.py,jsonmodel
RankingSensitivityEntry,bijux-proteomics-core,bijux_proteomics/review/__init__.py,jsonmodel
RankingSensitivityInput,bijux-proteomics-intelligence,bijux_proteomics_intelligence/briefs.py,jsonmodel
RankingStabilityReport,bijux-proteomics-intelligence,bijux_proteomics_intelligence/briefs.py,jsonmodel
RazorPeptideAssignment,bijux-proteomics-core,bijux_proteomics/identification/__init__.py,jsonmodel
RazorPeptideProvenanceEntry,bijux-proteomics-core,bijux_proteomics/identification/__init__.py,jsonmodel
RazorPeptideProvenanceReport,bijux-proteomics-core,bijux_proteomics/identification/__init__.py,jsonmodel
ReadyResponse,bijux-proteomics-runtime,bijux_proteomics_runtime/api/v1/schema.py,basemodel
ReagentAvailability,bijux-proteomics-lab,bijux_proteomics_lab/readiness.py,jsonmodel
RedactedCollaborationBundle,bijux-proteomics-core,bijux_proteomics/collaboration/__init__.py,jsonmodel
RedactedCollaborationBundleInput,bijux-proteomics-core,bijux_proteomics/collaboration/__init__.py,jsonmodel
RedesignPolicy,bijux-proteomics-intelligence,bijux_proteomics_intelligence/evaluators.py,jsonmodel
RedesignPolicyConfig,bijux-proteomics-intelligence,bijux_proteomics_intelligence/policies.py,jsonmodel
RefusalKind,bijux-proteomics-foundation,bijux_proteomics_foundation/refusals.py,strenum
RejectedDesignTableRow,bijux-proteomics-core,bijux_proteomics/study/__init__.py,jsonmodel
RejectedFastaRecord,bijux-proteomics-core,bijux_proteomics/sequences/core.py,jsonmodel
RejectedMs1FeatureRow,bijux-proteomics-core,bijux_proteomics/quantification/__init__.py,jsonmodel
RejectedMzmlSpectrum,bijux-proteomics-core,bijux_proteomics/io/formats.py,jsonmodel
RejectedPsmRow,bijux-proteomics-core,bijux_proteomics/identification/__init__.py,jsonmodel
RejectedPtmEvidenceRow,bijux-proteomics-core,bijux_proteomics/ptm/__init__.py,jsonmodel
RejectedSpectrumBlock,bijux-proteomics-core,bijux_proteomics/io/spectra.py,jsonmodel
RejectionActionPlan,bijux-proteomics-intelligence,bijux_proteomics_intelligence/outcomes.py,jsonmodel
RejectionReasonCode,bijux-proteomics-intelligence,bijux_proteomics_intelligence/outcomes.py,strenum
RejectionSummary,bijux-proteomics-intelligence,bijux_proteomics_intelligence/outcomes.py,jsonmodel
ReplanningTrigger,bijux-proteomics-runtime,bijux_proteomics_runtime/core/observations.py,basemodel
ReplayContract,bijux-proteomics-runtime,bijux_proteomics_runtime/runtime/control/replay.py,jsonmodel
ReplayEligibility,bijux-proteomics-runtime,bijux_proteomics_runtime/runtime/control/replay.py,jsonmodel
ReplicateAndBatchQcReport,bijux-proteomics-core,bijux_proteomics/quantification/review.py,jsonmodel
ReplicateCorrelationEntry,bijux-proteomics-core,bijux_proteomics/quantification/__init__.py,jsonmodel
ReplicateCorrelationReport,bijux-proteomics-core,bijux_proteomics/quantification/__init__.py,jsonmodel
ReplicationStrategySummary,bijux-proteomics-lab,bijux_proteomics_lab/design.py,jsonmodel
ReportingAgentInput,bijux-proteomics-runtime,bijux_proteomics_runtime/agents/schemas.py,basemodel
ReportingAgentOutput,bijux-proteomics-runtime,bijux_proteomics_runtime/agents/schemas.py,basemodel
ReproducibilityDriftEntry,bijux-proteomics-core,bijux_proteomics/benchmarks/__init__.py,jsonmodel
ReproducibilityReleaseRun,bijux-proteomics-core,bijux_proteomics/benchmarks/__init__.py,jsonmodel
ReproducibleWorkflowBlueprint,bijux-proteomics-core,bijux_proteomics/workflow/runtime.py,jsonmodel
RequestParameter,bijux-proteomics-runtime,bijux_proteomics_runtime/agents/schemas.py,basemodel
RerunArtifactDriftEntry,bijux-proteomics-core,bijux_proteomics/workflow/runtime.py,jsonmodel
RerunComparisonScope,bijux-proteomics-core,bijux_proteomics/workflow/runtime.py,strenum
RerunPolicy,bijux-proteomics-lab,bijux_proteomics_lab/outcomes.py,strenum
ResiduePolicyEntry,bijux-proteomics-core,bijux_proteomics/sequences/core.py,jsonmodel
ResiduePolicyState,bijux-proteomics-core,bijux_proteomics/sequences/core.py,strenum
ResolutionAction,bijux-proteomics-knowledge,bijux_proteomics_knowledge/resolution.py,strenum
ResolutionAssayOutcome,bijux-proteomics-knowledge,bijux_proteomics_knowledge/claims.py,jsonmodel
ResolutionEscalationItem,bijux-proteomics-knowledge,bijux_proteomics_knowledge/resolution.py,jsonmodel
ResolutionEscalationQueue,bijux-proteomics-knowledge,bijux_proteomics_knowledge/resolution.py,jsonmodel
ResolutionImpactPreview,bijux-proteomics-knowledge,bijux_proteomics_knowledge/resolution.py,jsonmodel
ResolutionPolicy,bijux-proteomics-knowledge,bijux_proteomics_knowledge/resolution.py,jsonmodel
ResolutionPolicyComparison,bijux-proteomics-knowledge,bijux_proteomics_knowledge/resolution.py,jsonmodel
ResolutionRecordQuery,bijux-proteomics-knowledge,bijux_proteomics_knowledge/queries.py,jsonmodel
ResolutionSummary,bijux-proteomics-knowledge,bijux_proteomics_knowledge/resolution.py,jsonmodel
ResourceLimits,bijux-proteomics-runtime,bijux_proteomics_runtime/core/execution.py,basemodel
ResumeCheckpoint,bijux-proteomics-runtime,bijux_proteomics_runtime/runtime/control/checkpoints.py,jsonmodel
ResumeRequest,bijux-proteomics-runtime,bijux_proteomics_runtime/api/v1/schema.py,basemodel
RetryPolicy,bijux-proteomics-runtime,bijux_proteomics_runtime/core/execution.py,basemodel
ReviewBacklogSnapshot,bijux-proteomics-lab,bijux_proteomics_lab/readiness.py,jsonmodel
ReviewBoardAgendaEntry,bijux-proteomics-core,bijux_proteomics/intelligence/__init__.py,jsonmodel
ReviewBoardDecisionEntry,bijux-proteomics-core,bijux_proteomics/intelligence/__init__.py,jsonmodel
ReviewBoardDecisionPath,bijux-proteomics-intelligence,bijux_proteomics_intelligence/decision_paths.py,jsonmodel
ReviewBoardEvidenceLine,bijux-proteomics-intelligence,bijux_proteomics_intelligence/evaluators.py,jsonmodel
ReviewBoardPacket,bijux-proteomics-intelligence,bijux_proteomics_intelligence/evaluators.py,jsonmodel
ReviewBoardVote,bijux-proteomics-core,bijux_proteomics/intelligence/__init__.py,strenum
ReviewBoardVoteEntry,bijux-proteomics-core,bijux_proteomics/intelligence/__init__.py,jsonmodel
ReviewBoardWorkflowReport,bijux-proteomics-core,bijux_proteomics/intelligence/__init__.py,jsonmodel
ReviewCadence,bijux-proteomics-core,bijux_proteomics/domain/operating_model.py,strenum
ReviewChallenge,bijux-proteomics-intelligence,bijux_proteomics_intelligence/skeptical_review.py,jsonmodel
ReviewChallengeDomain,bijux-proteomics-intelligence,bijux_proteomics_intelligence/skeptical_review.py,strenum
ReviewChallengeSeverity,bijux-proteomics-intelligence,bijux_proteomics_intelligence/skeptical_review.py,strenum
ReviewDecision,bijux-proteomics-core,bijux_proteomics/domain/repositories.py,jsonmodel
ReviewDecisionRepository,bijux-proteomics-core,bijux_proteomics/domain/repositories.py,protocol
ReviewGate,bijux-proteomics-core,bijux_proteomics/domain/reviews.py,basemodel
ReviewGateEvaluation,bijux-proteomics-core,bijux_proteomics/domain/repositories.py,jsonmodel
ReviewGateState,bijux-proteomics-core,bijux_proteomics/domain/repositories.py,strenum
ReviewLifecycleAuditIssue,bijux-proteomics-lab,bijux_proteomics_lab/lifecycle.py,jsonmodel
ReviewNarrativeLine,bijux-proteomics-core,bijux_proteomics/review/__init__.py,jsonmodel
ReviewNarrativeReport,bijux-proteomics-core,bijux_proteomics/review/__init__.py,jsonmodel
ReviewOutcome,bijux-proteomics-core,bijux_proteomics/domain/repositories.py,strenum
ReviewPacket,bijux-proteomics-lab,bijux_proteomics_lab/planning.py,jsonmodel
ReviewPacketAssayPlanEntry,bijux-proteomics-core,bijux_proteomics/review/__init__.py,jsonmodel
ReviewPacketContradictionEntry,bijux-proteomics-core,bijux_proteomics/review/__init__.py,jsonmodel
ReviewPacketDecisionEntry,bijux-proteomics-core,bijux_proteomics/review/__init__.py,jsonmodel
ReviewPacketDiffEntry,bijux-proteomics-core,bijux_proteomics/review/__init__.py,jsonmodel
ReviewPacketDiffReport,bijux-proteomics-core,bijux_proteomics/review/__init__.py,jsonmodel
ReviewPacketEvidenceEntry,bijux-proteomics-core,bijux_proteomics/review/__init__.py,jsonmodel
ReviewPacketQcCaveatEntry,bijux-proteomics-core,bijux_proteomics/review/__init__.py,jsonmodel
ReviewPacketRiskEntry,bijux-proteomics-core,bijux_proteomics/review/__init__.py,jsonmodel
ReviewPacketRouteIssue,bijux-proteomics-core,bijux_proteomics/interfaces/api.py,jsonmodel
ReviewPacketRouteRequest,bijux-proteomics-core,bijux_proteomics/interfaces/api.py,jsonmodel
ReviewPacketRouteResponse,bijux-proteomics-core,bijux_proteomics/interfaces/api.py,jsonmodel
ReviewPacketScaleBenchmarkInput,bijux-proteomics-core,bijux_proteomics/benchmarks/__init__.py,jsonmodel
ReviewPacketScaleBenchmarkReport,bijux-proteomics-core,bijux_proteomics/benchmarks/__init__.py,jsonmodel
ReviewPacketSchema,bijux-proteomics-core,bijux_proteomics/review/__init__.py,jsonmodel
ReviewQueueDecision,bijux-proteomics-lab,bijux_proteomics_lab/lifecycle.py,jsonmodel
ReviewQueueEntry,bijux-proteomics-lab,bijux_proteomics_lab/repositories.py,jsonmodel
ReviewQueueQuery,bijux-proteomics-lab,bijux_proteomics_lab/repositories.py,jsonmodel
ReviewQueueRepository,bijux-proteomics-lab,bijux_proteomics_lab/repositories.py,protocol
ReviewQueueSlaReport,bijux-proteomics-lab,bijux_proteomics_lab/repositories.py,jsonmodel
ReviewQueueState,bijux-proteomics-lab,bijux_proteomics_lab/lifecycle.py,strenum
ReviewQueueTransition,bijux-proteomics-lab,bijux_proteomics_lab/lifecycle.py,jsonmodel
ReviewQueueTrendReport,bijux-proteomics-lab,bijux_proteomics_lab/repositories.py,jsonmodel
ReviewQueueWorkloadReport,bijux-proteomics-lab,bijux_proteomics_lab/repositories.py,jsonmodel
ReviewRankingSensitivityReport,bijux-proteomics-core,bijux_proteomics/review/__init__.py,jsonmodel
ReviewReadyEvidenceBundle,bijux-proteomics-core,bijux_proteomics/identification/__init__.py,jsonmodel
ReviewRiskProfile,bijux-proteomics-lab,bijux_proteomics_lab/planning.py,jsonmodel
ReviewTrustScoreInput,bijux-proteomics-core,bijux_proteomics/review/__init__.py,jsonmodel
ReviewerChallengeEntry,bijux-proteomics-core,bijux_proteomics/review/__init__.py,jsonmodel
ReviewerChallengeResolutionEntry,bijux-proteomics-core,bijux_proteomics/review/__init__.py,jsonmodel
ReviewerChallengeWorkflowReport,bijux-proteomics-core,bijux_proteomics/review/__init__.py,jsonmodel
RunArtifactsResponse,bijux-proteomics-runtime,bijux_proteomics_runtime/api/v1/schema.py,basemodel
RunConfig,bijux-proteomics-runtime,bijux_proteomics_runtime/runtime/context/run_config.py,basemodel
RunContextContract,bijux-proteomics-runtime,bijux_proteomics_runtime/runtime/context/contracts.py,jsonmodel
RunEvidenceResponse,bijux-proteomics-runtime,bijux_proteomics_runtime/api/v1/schema.py,basemodel
RunHistoryResponse,bijux-proteomics-runtime,bijux_proteomics_runtime/api/v1/schema.py,basemodel
RunInterpretationSignal,bijux-proteomics-intelligence,bijux_proteomics_intelligence/interpretation.py,jsonmodel
RunInterpretationSummary,bijux-proteomics-intelligence,bijux_proteomics_intelligence/interpretation.py,jsonmodel
RunLifecycleState,bijux-proteomics-runtime,bijux_proteomics_runtime/runtime/context/lifecycle.py,strenum
RunLineage,bijux-proteomics-runtime,bijux_proteomics_runtime/runtime/context/contracts.py,jsonmodel
RunOutput,bijux-proteomics-runtime,bijux_proteomics_runtime/runtime/context/output.py,basemodel
RunQcSummaryLink,bijux-proteomics-core,bijux_proteomics/intelligence/__init__.py,jsonmodel
RunRequest,bijux-proteomics-runtime,bijux_proteomics_runtime/api/v1/schema.py,basemodel
RunRequest,bijux-proteomics-runtime,bijux_proteomics_runtime/runtime/context/request.py,basemodel
RunResponse,bijux-proteomics-runtime,bijux_proteomics_runtime/api/v1/schema.py,basemodel
RunReviewResponse,bijux-proteomics-runtime,bijux_proteomics_runtime/api/v1/schema.py,basemodel
RunStatus,bijux-proteomics-runtime,bijux_proteomics_runtime/runtime/context/output.py,strenum
RuntimeArtifactLedger,bijux-proteomics-runtime,bijux_proteomics_runtime/runtime/control/ledger.py,jsonmodel
RuntimeArtifactPolicy,bijux-proteomics-runtime,bijux_proteomics_runtime/runtime/context/contracts.py,jsonmodel
RuntimeArtifactRecord,bijux-proteomics-runtime,bijux_proteomics_runtime/api/v1/schema.py,basemodel
RuntimeArtifactRetentionClass,bijux-proteomics-runtime,bijux_proteomics_runtime/runtime/context/contracts.py,strenum
RuntimeCacheClaim,bijux-proteomics-runtime,bijux_proteomics_runtime/runtime/control/cache.py,jsonmodel
RuntimeCacheDecision,bijux-proteomics-runtime,bijux_proteomics_runtime/runtime/control/cache.py,jsonmodel
RuntimeCharterCapability,bijux-proteomics-runtime,bijux_proteomics_runtime/charter.py,strenum
RuntimeCharterEntry,bijux-proteomics-runtime,bijux_proteomics_runtime/charter.py,jsonmodel
RuntimeCleanupArtifact,bijux-proteomics-runtime,bijux_proteomics_runtime/runtime/control/cleanup.py,jsonmodel
RuntimeCleanupPlan,bijux-proteomics-runtime,bijux_proteomics_runtime/runtime/control/cleanup.py,jsonmodel
RuntimeDatasetKind,bijux-proteomics-runtime,bijux_proteomics_runtime/runtime/context/contracts.py,strenum
RuntimeDependencyNode,bijux-proteomics-runtime,bijux_proteomics_runtime/runtime/control/reruns.py,jsonmodel
RuntimeDocumentAvailability,bijux-proteomics-runtime,bijux_proteomics_runtime/api/v1/schema.py,strenum
RuntimeDocumentReference,bijux-proteomics-runtime,bijux_proteomics_runtime/api/v1/schema.py,basemodel
RuntimeEnvironmentIdentity,bijux-proteomics-runtime,bijux_proteomics_runtime/runtime/context/contracts.py,jsonmodel
RuntimeExecutionRouteRequest,bijux-proteomics-core,bijux_proteomics/interfaces/api.py,jsonmodel
RuntimeExecutionRouteResponse,bijux-proteomics-core,bijux_proteomics/interfaces/api.py,jsonmodel
RuntimeFailureCategory,bijux-proteomics-runtime,bijux_proteomics_runtime/runtime/control/failure_reports.py,strenum
RuntimeFailureRecoveryAudit,bijux-proteomics-runtime,bijux_proteomics_runtime/runtime/control/recovery.py,jsonmodel
RuntimeFailureReport,bijux-proteomics-runtime,bijux_proteomics_runtime/runtime/control/failure_reports.py,jsonmodel
RuntimeHealthComponent,bijux-proteomics-runtime,bijux_proteomics_runtime/api/v1/schema.py,basemodel
RuntimeHealthComponentState,bijux-proteomics-runtime,bijux_proteomics_runtime/api/v1/schema.py,strenum
RuntimeHealthResponse,bijux-proteomics-runtime,bijux_proteomics_runtime/api/v1/schema.py,basemodel
RuntimeImportTrace,bijux-proteomics-runtime,bijux_proteomics_runtime/runtime/control/imports.py,jsonmodel
RuntimeModuleAuditEntry,bijux-proteomics-runtime,bijux_proteomics_runtime/charter.py,jsonmodel
RuntimeModuleClassification,bijux-proteomics-runtime,bijux_proteomics_runtime/charter.py,strenum
RuntimePreflightReport,bijux-proteomics-runtime,bijux_proteomics_runtime/runtime/control/preflight.py,jsonmodel
RuntimeProductCharter,bijux-proteomics-runtime,bijux_proteomics_runtime/charter.py,jsonmodel
RuntimeReviewableOutputPath,bijux-proteomics-runtime,bijux_proteomics_runtime/runtime/control/workflow_paths.py,jsonmodel
RuntimeSmokeWorkflow,bijux-proteomics-runtime,bijux_proteomics_runtime/runtime/control/workflow_paths.py,jsonmodel
RuntimeStatusResponse,bijux-proteomics-runtime,bijux_proteomics_runtime/api/v1/schema.py,basemodel
RuntimeWorkflowBlueprint,bijux-proteomics-core,bijux_proteomics/workflow/reproducibility.py,jsonmodel
RuntimeWorkflowBlueprintStage,bijux-proteomics-core,bijux_proteomics/workflow/reproducibility.py,strenum
RuntimeWorkflowBlueprintStep,bijux-proteomics-core,bijux_proteomics/workflow/reproducibility.py,jsonmodel
RuntimeWorkflowStatus,bijux-proteomics-core,bijux_proteomics/workflow/runs.py,strenum
RuntimeWorkflowStep,bijux-proteomics-runtime,bijux_proteomics_runtime/runtime/control/workflow_paths.py,jsonmodel
RuntimeWorkflowStepRecord,bijux-proteomics-core,bijux_proteomics/workflow/runs.py,jsonmodel
SS8,bijux-proteomics-core,bijux_proteomics/structure_report/compute.py,strenum
SampleLineageCoverageEntry,bijux-proteomics-core,bijux_proteomics/study/__init__.py,jsonmodel
SampleLineageReport,bijux-proteomics-core,bijux_proteomics/study/__init__.py,jsonmodel
SamplePreparationMetadata,bijux-proteomics-lab,bijux_proteomics_lab/protocols.py,jsonmodel
SampleTrackingPlateAdvisory,bijux-proteomics-lab,bijux_proteomics_lab/design.py,jsonmodel
SampleTrackingPlateAssignment,bijux-proteomics-lab,bijux_proteomics_lab/design.py,jsonmodel
ScaleUpPolicy,bijux-proteomics-intelligence,bijux_proteomics_intelligence/evaluators.py,jsonmodel
ScenarioAction,bijux-proteomics-intelligence,bijux_proteomics_intelligence/evaluators.py,strenum
ScenarioConfidenceSpread,bijux-proteomics-intelligence,bijux_proteomics_intelligence/evaluators.py,jsonmodel
ScenarioDecisionConsensus,bijux-proteomics-intelligence,bijux_proteomics_intelligence/evaluators.py,jsonmodel
ScenarioEvaluation,bijux-proteomics-intelligence,bijux_proteomics_intelligence/evaluators.py,jsonmodel
ScenarioSetEvaluation,bijux-proteomics-intelligence,bijux_proteomics_intelligence/evaluators.py,jsonmodel
ScenarioUncertaintyEntry,bijux-proteomics-intelligence,bijux_proteomics_intelligence/evaluators.py,jsonmodel
SchedulePressureReport,bijux-proteomics-lab,bijux_proteomics_lab/planning.py,jsonmodel
ScheduleScenarioComparison,bijux-proteomics-lab,bijux_proteomics_lab/planning.py,jsonmodel
ScheduleScenarioSummary,bijux-proteomics-lab,bijux_proteomics_lab/planning.py,jsonmodel
ScheduledBatch,bijux-proteomics-lab,bijux_proteomics_lab/planning.py,jsonmodel
ScheduledPlan,bijux-proteomics-lab,bijux_proteomics_lab/planning.py,jsonmodel
SchedulerJobBundle,bijux-proteomics-runtime,bijux_proteomics_runtime/runtime/control/execution_surfaces.py,jsonmodel
SchedulerLaunchMetadata,bijux-proteomics-runtime,bijux_proteomics_runtime/runtime/control/execution_surfaces.py,jsonmodel
SchedulerReplayBoundary,bijux-proteomics-runtime,bijux_proteomics_runtime/runtime/control/execution_surfaces.py,jsonmodel
SchemaCompatibility,bijux-proteomics-foundation,bijux_proteomics_foundation/compatibility.py,strenum
SchemaCompatibilityReport,bijux-proteomics-knowledge,bijux_proteomics_knowledge/schema.py,jsonmodel
SchemaDefinition,bijux-proteomics-runtime,bijux_proteomics_runtime/core/tooling.py,basemodel
SchemaEvolutionAssessment,bijux-proteomics-foundation,bijux_proteomics_foundation/compatibility.py,jsonmodel
SchemaFormatCompatibilityReport,bijux-proteomics-runtime,bijux_proteomics_runtime/runtime/contracts.py,jsonmodel
SchemaFormatContract,bijux-proteomics-runtime,bijux_proteomics_runtime/runtime/contracts.py,jsonmodel
SchemaMigration,bijux-proteomics-foundation,bijux_proteomics_foundation/migrations.py,jsonmodel
SchemaVersion,bijux-proteomics-foundation,bijux_proteomics_foundation/versions.py,jsonmodel
ScientificConclusion,bijux-proteomics-knowledge,bijux_proteomics_knowledge/review.py,jsonmodel
ScientificConstraint,bijux-proteomics-core,bijux_proteomics/domain/constraints.py,basemodel
ScientificContextCompletenessReport,bijux-proteomics-knowledge,bijux_proteomics_knowledge/evidence.py,jsonmodel
ScientificContextEntry,bijux-proteomics-knowledge,bijux_proteomics_knowledge/references/contexts.py,jsonmodel
ScientificMetricClass,bijux-proteomics-intelligence,bijux_proteomics_intelligence/policies.py,strenum
ScientificQuestionExampleIndex,bijux-proteomics-core,bijux_proteomics/corpus/__init__.py,jsonmodel
ScientificQuestionExampleIndexEntry,bijux-proteomics-core,bijux_proteomics/corpus/__init__.py,jsonmodel
ScientificRuleReference,bijux-proteomics-knowledge,bijux_proteomics_knowledge/references/rules.py,jsonmodel
ScientificWorkflowBlueprint,bijux-proteomics-core,bijux_proteomics/workflow/blueprint.py,jsonmodel
ScoreOrientation,bijux-proteomics-core,bijux_proteomics/identification/search_adapters.py,strenum
ScoreOrientationAdvisory,bijux-proteomics-core,bijux_proteomics/identification/__init__.py,jsonmodel
ScoreOrientationAdvisoryCandidate,bijux-proteomics-core,bijux_proteomics/identification/__init__.py,jsonmodel
ScriptSafeCommandOutput,bijux-proteomics-core,bijux_proteomics/interfaces/api.py,jsonmodel
ScriptSafeOutputField,bijux-proteomics-core,bijux_proteomics/interfaces/api.py,jsonmodel
SearchAdapterCapability,bijux-proteomics-core,bijux_proteomics/identification/search_adapters.py,jsonmodel
SearchAdapterConformanceCheck,bijux-proteomics-core,bijux_proteomics/identification/search_adapters.py,jsonmodel
SearchAdapterConformanceReport,bijux-proteomics-core,bijux_proteomics/identification/search_adapters.py,jsonmodel
SearchAdapterCorpusConformanceEntry,bijux-proteomics-core,bijux_proteomics/identification/search_adapters.py,jsonmodel
SearchAdapterCorpusConformanceMatrix,bijux-proteomics-core,bijux_proteomics/identification/search_adapters.py,jsonmodel
SearchAdapterDialectManifest,bijux-proteomics-core,bijux_proteomics/identification/search_adapters.py,jsonmodel
SearchAdapterFieldAccounting,bijux-proteomics-core,bijux_proteomics/identification/search_adapters.py,jsonmodel
SearchAdapterKind,bijux-proteomics-core,bijux_proteomics/identification/search_adapters.py,strenum
SearchAdapterManifest,bijux-proteomics-core,bijux_proteomics/identification/search_adapters.py,jsonmodel
SearchAdapterNormalizationReport,bijux-proteomics-core,bijux_proteomics/identification/search_adapters.py,jsonmodel
SearchAdapterProvenanceManifest,bijux-proteomics-core,bijux_proteomics/identification/search_adapters.py,jsonmodel
SearchConfigValidationIssue,bijux-proteomics-core,bijux_proteomics/identification/search_adapters.py,jsonmodel
SearchConfigValidationReport,bijux-proteomics-core,bijux_proteomics/identification/search_adapters.py,jsonmodel
SearchCorpusInputSpecification,bijux-proteomics-core,bijux_proteomics/identification/search_adapters.py,jsonmodel
SearchCorpusNormalizationEntry,bijux-proteomics-core,bijux_proteomics/identification/search_adapters.py,jsonmodel
SearchEngineCorpusReport,bijux-proteomics-core,bijux_proteomics/identification/search_adapters.py,jsonmodel
SearchEngineObservation,bijux-proteomics-core,bijux_proteomics/identification/search_adapters.py,jsonmodel
SearchInputAssessmentReport,bijux-proteomics-core,bijux_proteomics/identification/search_adapters.py,jsonmodel
SearchInputRefusal,bijux-proteomics-core,bijux_proteomics/identification/search_adapters.py,jsonmodel
SearchInputRefusalKind,bijux-proteomics-core,bijux_proteomics/identification/search_adapters.py,strenum
SearchMergeAgreementStatus,bijux-proteomics-core,bijux_proteomics/identification/search_adapters.py,strenum
SearchMergeCompatibilityIssue,bijux-proteomics-core,bijux_proteomics/identification/search_adapters.py,jsonmodel
SearchMergeCompatibilityReport,bijux-proteomics-core,bijux_proteomics/identification/search_adapters.py,jsonmodel
SearchModificationDefinition,bijux-proteomics-core,bijux_proteomics/identification/search_adapters.py,jsonmodel
SearchNormalizedEvidenceEntry,bijux-proteomics-core,bijux_proteomics/identification/search_adapters.py,jsonmodel
SearchParameterComparisonReport,bijux-proteomics-core,bijux_proteomics/identification/search_adapters.py,jsonmodel
SearchParameterDifferenceEntry,bijux-proteomics-core,bijux_proteomics/identification/search_adapters.py,jsonmodel
SearchParameterReport,bijux-proteomics-core,bijux_proteomics/identification/search_adapters.py,jsonmodel
SearchRegressionCorpusEntry,bijux-proteomics-core,bijux_proteomics/identification/search_adapters.py,jsonmodel
SearchRegressionCorpusManifest,bijux-proteomics-core,bijux_proteomics/identification/search_adapters.py,jsonmodel
SearchRegressionFixtureKind,bijux-proteomics-core,bijux_proteomics/identification/search_adapters.py,strenum
SearchResultColumnMapping,bijux-proteomics-core,bijux_proteomics/identification/__init__.py,jsonmodel
SearchResultComparabilityReport,bijux-proteomics-core,bijux_proteomics/identification/search_adapters.py,jsonmodel
SearchResultFamily,bijux-proteomics-core,bijux_proteomics/identification/search_adapters.py,strenum
SearchResultFamilyPolicy,bijux-proteomics-core,bijux_proteomics/identification/search_adapters.py,jsonmodel
SearchResultMergeReport,bijux-proteomics-core,bijux_proteomics/identification/search_adapters.py,jsonmodel
SearchResultProvenanceManifest,bijux-proteomics-core,bijux_proteomics/identification/__init__.py,jsonmodel
SearchResultValidationIssue,bijux-proteomics-core,bijux_proteomics/identification/__init__.py,jsonmodel
SearchScoreFamily,bijux-proteomics-core,bijux_proteomics/identification/search_adapters.py,strenum
SearchToleranceUnit,bijux-proteomics-core,bijux_proteomics/identification/search_adapters.py,strenum
SequenceAnalysisAgentInput,bijux-proteomics-runtime,bijux_proteomics_runtime/agents/schemas.py,basemodel
SequenceAnalysisAgentOutput,bijux-proteomics-runtime,bijux_proteomics_runtime/agents/schemas.py,basemodel
SequenceCoordinateRange,bijux-proteomics-foundation,bijux_proteomics_foundation/documents.py,jsonmodel
SequenceCoordinateSystem,bijux-proteomics-foundation,bijux_proteomics_foundation/documents.py,strenum
SequenceIssueSeverity,bijux-proteomics-core,bijux_proteomics/sequences/core.py,strenum
SequenceResiduePolicy,bijux-proteomics-core,bijux_proteomics/sequences/core.py,jsonmodel
SequenceRiskSignals,bijux-proteomics-intelligence,bijux_proteomics_intelligence/candidates.py,jsonmodel
SequenceToDigestWorkflowRunReport,bijux-proteomics-core,bijux_proteomics/workflow/runs.py,jsonmodel
SequenceValidationIssue,bijux-proteomics-core,bijux_proteomics/sequences/core.py,jsonmodel
SequenceValidationResult,bijux-proteomics-core,bijux_proteomics/sequences/core.py,jsonmodel
SharedPeptideAmbiguityEntry,bijux-proteomics-core,bijux_proteomics/identification/__init__.py,jsonmodel
SharedPeptideAmbiguityReason,bijux-proteomics-core,bijux_proteomics/identification/__init__.py,strenum
SharedPeptideAmbiguityReport,bijux-proteomics-core,bijux_proteomics/identification/__init__.py,jsonmodel
SignalDirection,bijux-proteomics-intelligence,bijux_proteomics_intelligence/interpretation.py,strenum
SignalPayload,bijux-proteomics-core,bijux_proteomics/biology/signals.py,basemodel
SignalScope,bijux-proteomics-core,bijux_proteomics/biology/signals.py,strenum
SignalType,bijux-proteomics-core,bijux_proteomics/biology/signals.py,strenum
SignedReviewerBundle,bijux-proteomics-core,bijux_proteomics/collaboration/__init__.py,jsonmodel
SignedReviewerBundleInput,bijux-proteomics-core,bijux_proteomics/collaboration/__init__.py,jsonmodel
SkepticalReviewReport,bijux-proteomics-intelligence,bijux_proteomics_intelligence/skeptical_review.py,jsonmodel
SlurmJobScriptExport,bijux-proteomics-core,bijux_proteomics/execution/providers.py,jsonmodel
SlurmJobScriptInput,bijux-proteomics-core,bijux_proteomics/execution/providers.py,jsonmodel
SlurmLifecycleEvent,bijux-proteomics-core,bijux_proteomics/execution/providers.py,jsonmodel
SlurmLifecycleReport,bijux-proteomics-core,bijux_proteomics/execution/providers.py,jsonmodel
SlurmLifecycleState,bijux-proteomics-core,bijux_proteomics/execution/providers.py,strenum
SourceFileManifestEntry,bijux-proteomics-core,bijux_proteomics/io/formats.py,jsonmodel
SpectralLibraryIdentityEntry,bijux-proteomics-core,bijux_proteomics/dia/__init__.py,jsonmodel
SpectralLibraryIdentityLedger,bijux-proteomics-core,bijux_proteomics/dia/__init__.py,jsonmodel
SpectralLibraryValidationIssue,bijux-proteomics-core,bijux_proteomics/dia/__init__.py,jsonmodel
SpectralLibraryValidationReport,bijux-proteomics-core,bijux_proteomics/dia/__init__.py,jsonmodel
SpectralSimilarityMethod,bijux-proteomics-core,bijux_proteomics/io/spectra.py,strenum
SpectralSimilarityScore,bijux-proteomics-core,bijux_proteomics/io/spectra.py,jsonmodel
SpectrumAnnotation,bijux-proteomics-core,bijux_proteomics/io/spectra.py,jsonmodel
SpectrumAnnotationAmbiguityKind,bijux-proteomics-core,bijux_proteomics/io/spectra.py,strenum
SpectrumAnnotationAmbiguityWarning,bijux-proteomics-core,bijux_proteomics/io/spectra.py,jsonmodel
SpectrumAnnotationMatch,bijux-proteomics-core,bijux_proteomics/io/spectra.py,jsonmodel
SpectrumAnnotationParameters,bijux-proteomics-core,bijux_proteomics/io/spectra.py,jsonmodel
SpectrumCollectionSummary,bijux-proteomics-core,bijux_proteomics/io/spectra.py,jsonmodel
SpectrumFilterReport,bijux-proteomics-core,bijux_proteomics/io/spectra.py,jsonmodel
SpectrumLibraryBoundaryReport,bijux-proteomics-core,bijux_proteomics/io/ingestion.py,jsonmodel
SpectrumLookupIndex,bijux-proteomics-core,bijux_proteomics/io/spectra.py,jsonmodel
SpectrumMetrics,bijux-proteomics-core,bijux_proteomics/io/spectra.py,jsonmodel
SpectrumModel,bijux-proteomics-core,bijux_proteomics/io/spectra.py,jsonmodel
SpectrumPeak,bijux-proteomics-core,bijux_proteomics/io/spectra.py,jsonmodel
SpectrumPlotPayload,bijux-proteomics-core,bijux_proteomics/io/spectra.py,jsonmodel
SpectrumPlotPeak,bijux-proteomics-core,bijux_proteomics/io/spectra.py,jsonmodel
SpectrumProvenanceManifest,bijux-proteomics-core,bijux_proteomics/io/spectra.py,jsonmodel
SpectrumSimilarityMode,bijux-proteomics-core,bijux_proteomics/io/spectra.py,strenum
SpectrumValidationIssue,bijux-proteomics-core,bijux_proteomics/io/spectra.py,jsonmodel
SpikeInQcInsertion,bijux-proteomics-lab,bijux_proteomics_lab/design.py,jsonmodel
SpikeInQcSamplePlan,bijux-proteomics-lab,bijux_proteomics_lab/design.py,jsonmodel
StabilityLevel,bijux-proteomics-runtime,bijux_proteomics_runtime/core/stability.py,strenum
StableHashAlgorithm,bijux-proteomics-foundation,bijux_proteomics_foundation/hashing.py,strenum
StableHashPolicy,bijux-proteomics-foundation,bijux_proteomics_foundation/hashing.py,jsonmodel
StableIsotopeLabelChannel,bijux-proteomics-core,bijux_proteomics/chemistry/stable_isotope_labeling.py,jsonmodel
StableIsotopeLabelChemistry,bijux-proteomics-core,bijux_proteomics/chemistry/stable_isotope_labeling.py,strenum
StableIsotopeLabelingModel,bijux-proteomics-core,bijux_proteomics/chemistry/stable_isotope_labeling.py,jsonmodel
StableRuntimeErrorClass,bijux-proteomics-core,bijux_proteomics/workflow/reproducibility.py,strenum
StableRuntimeErrorEnvelope,bijux-proteomics-core,bijux_proteomics/workflow/reproducibility.py,jsonmodel
StaffingAvailability,bijux-proteomics-lab,bijux_proteomics_lab/readiness.py,jsonmodel
StageEligibility,bijux-proteomics-core,bijux_proteomics/domain/program_spec.py,jsonmodel
StandaloneVerifierInput,bijux-proteomics-core,bijux_proteomics/collaboration/__init__.py,jsonmodel
StandaloneVerifierIssue,bijux-proteomics-core,bijux_proteomics/collaboration/__init__.py,jsonmodel
StandaloneVerifierReport,bijux-proteomics-core,bijux_proteomics/collaboration/__init__.py,jsonmodel
StatePayload,bijux-proteomics-runtime,bijux_proteomics_runtime/memory/schemas.py,basemodel
StateSnapshot,bijux-proteomics-runtime,bijux_proteomics_runtime/state/schemas.py,basemodel
StreamingParseProfile,bijux-proteomics-core,bijux_proteomics/io/ingestion.py,jsonmodel
StreamingPolicyEntry,bijux-proteomics-core,bijux_proteomics/workflow/runtime.py,jsonmodel
StructureAgentInput,bijux-proteomics-runtime,bijux_proteomics_runtime/agents/schemas.py,basemodel
StructureAgentOutput,bijux-proteomics-runtime,bijux_proteomics_runtime/agents/schemas.py,basemodel
StructureConstraint,bijux-proteomics-runtime,bijux_proteomics_runtime/agents/schemas.py,basemodel
StudyMetadataModel,bijux-proteomics-core,bijux_proteomics/study/__init__.py,jsonmodel
StudyMetadataRecord,bijux-proteomics-core,bijux_proteomics/study/__init__.py,jsonmodel
StudyQcBatchSummary,bijux-proteomics-core,bijux_proteomics/qc.py,jsonmodel
StudyQcConditionSummary,bijux-proteomics-core,bijux_proteomics/qc.py,jsonmodel
StudyQcSummaryReport,bijux-proteomics-core,bijux_proteomics/qc.py,jsonmodel
StudyScaleBatchEffectEntry,bijux-proteomics-core,bijux_proteomics/quantification/__init__.py,jsonmodel
StudyScaleBatchEffectReport,bijux-proteomics-core,bijux_proteomics/quantification/__init__.py,jsonmodel
StudyScaleReplicateCorrelationReport,bijux-proteomics-core,bijux_proteomics/quantification/__init__.py,jsonmodel
StudyScaleReplicateSampleEntry,bijux-proteomics-core,bijux_proteomics/quantification/__init__.py,jsonmodel
SuccessCriterion,bijux-proteomics-core,bijux_proteomics/domain/criteria.py,basemodel
SupportState,bijux-proteomics-foundation,bijux_proteomics_foundation/states.py,strenum
SynthesisPolicy,bijux-proteomics-intelligence,bijux_proteomics_intelligence/evaluators.py,jsonmodel
TargetAnnotation,bijux-proteomics-core,bijux_proteomics/domain/targets.py,basemodel
TargetDecoyCollisionEntry,bijux-proteomics-core,bijux_proteomics/identification/__init__.py,jsonmodel
TargetDecoyCollisionReport,bijux-proteomics-core,bijux_proteomics/identification/__init__.py,jsonmodel
TargetDecoyLabel,bijux-proteomics-core,bijux_proteomics/identification/__init__.py,strenum
TargetDecoyLabelPolicy,bijux-proteomics-core,bijux_proteomics/identification/__init__.py,jsonmodel
TargetDecoyStrategyDefinition,bijux-proteomics-core,bijux_proteomics/identification/confidence.py,jsonmodel
TargetDecoyStrategyKind,bijux-proteomics-core,bijux_proteomics/identification/confidence.py,strenum
TargetDecoyStrategyRegistry,bijux-proteomics-core,bijux_proteomics/identification/confidence.py,jsonmodel
TargetDecoyValidationReport,bijux-proteomics-core,bijux_proteomics/sequences/core.py,jsonmodel
TargetOutcome,bijux-proteomics-core,bijux_proteomics/domain/targets.py,basemodel
TargetedAssayOptimizationCandidate,bijux-proteomics-core,bijux_proteomics/dia/__init__.py,jsonmodel
TargetedAssayOptimizationEntry,bijux-proteomics-core,bijux_proteomics/dia/__init__.py,jsonmodel
TargetedAssayOptimizationReport,bijux-proteomics-core,bijux_proteomics/dia/__init__.py,jsonmodel
TargetedBenchmarkClaimSummary,bijux-proteomics-lab,bijux_proteomics_lab/targeted_benchmarking.py,jsonmodel
TargetedBenchmarkClaimSupport,bijux-proteomics-lab,bijux_proteomics_lab/targeted_benchmarking.py,strenum
TargetedBenchmarkReport,bijux-proteomics-lab,bijux_proteomics_lab/targeted_benchmarking.py,jsonmodel
TargetedExternalReviewReport,bijux-proteomics-lab,bijux_proteomics_lab/targeted_benchmarking.py,jsonmodel
TargetedFailureRehearsalReport,bijux-proteomics-lab,bijux_proteomics_lab/targeted_benchmarking.py,jsonmodel
TargetedOperatorRunReport,bijux-proteomics-lab,bijux_proteomics_lab/targeted_benchmarking.py,jsonmodel
TargetedTransitionCandidate,bijux-proteomics-lab,bijux_proteomics_lab/handoffs.py,jsonmodel
TargetedTransitionEntry,bijux-proteomics-core,bijux_proteomics/lab/planning.py,jsonmodel
TargetedTransitionFragment,bijux-proteomics-core,bijux_proteomics/lab/planning.py,jsonmodel
TargetedTransitionListModel,bijux-proteomics-core,bijux_proteomics/lab/planning.py,jsonmodel
TargetedTransitionListValidationIssue,bijux-proteomics-core,bijux_proteomics/lab/planning.py,jsonmodel
TargetedTransitionListValidationReport,bijux-proteomics-core,bijux_proteomics/lab/planning.py,jsonmodel
TargetedTransitionReview,bijux-proteomics-lab,bijux_proteomics_lab/handoffs.py,jsonmodel
TargetedTransitionReviewEntry,bijux-proteomics-lab,bijux_proteomics_lab/handoffs.py,jsonmodel
TargetedWorkflowBoundaryInput,bijux-proteomics-core,bijux_proteomics/lab/planning.py,jsonmodel
TargetedWorkflowBoundaryReport,bijux-proteomics-core,bijux_proteomics/lab/planning.py,jsonmodel
TargetedWorkflowMethod,bijux-proteomics-core,bijux_proteomics/lab/planning.py,strenum
TaskConstraint,bijux-proteomics-runtime,bijux_proteomics_runtime/agents/planning/schemas.py,basemodel
TaskIO,bijux-proteomics-runtime,bijux_proteomics_runtime/agents/planning/schemas.py,basemodel
TaskSpec,bijux-proteomics-runtime,bijux_proteomics_runtime/agents/planning/schemas.py,basemodel
TelemetryProtocol,bijux-proteomics-intelligence,bijux_proteomics_intelligence/design_loop/loop.py,protocol
TheoreticalFragmentReferenceCase,bijux-proteomics-core,bijux_proteomics/chemistry/theoretical_fragment_reference.py,jsonmodel
TheoreticalFragmentReferenceIon,bijux-proteomics-core,bijux_proteomics/chemistry/theoretical_fragment_reference.py,jsonmodel
TheoreticalFragmentValidationEntry,bijux-proteomics-core,bijux_proteomics/chemistry/theoretical_fragment_reference.py,jsonmodel
TheoreticalFragmentValidationReport,bijux-proteomics-core,bijux_proteomics/chemistry/theoretical_fragment_reference.py,jsonmodel
TieBreakExplanation,bijux-proteomics-intelligence,bijux_proteomics_intelligence/outcomes.py,jsonmodel
TieBreakRule,bijux-proteomics-intelligence,bijux_proteomics_intelligence/policies.py,strenum
TmtMiniStudyBundle,bijux-proteomics-core,bijux_proteomics/corpus/__init__.py,jsonmodel
ToolContract,bijux-proteomics-runtime,bijux_proteomics_runtime/core/tooling.py,basemodel
ToolDescriptor,bijux-proteomics-runtime,bijux_proteomics_runtime/core/tooling.py,basemodel
ToolError,bijux-proteomics-runtime,bijux_proteomics_runtime/core/tooling.py,basemodel
ToolInvocationSpec,bijux-proteomics-runtime,bijux_proteomics_runtime/core/tooling.py,basemodel
ToolMetric,bijux-proteomics-runtime,bijux_proteomics_runtime/core/tooling.py,basemodel
ToolReliability,bijux-proteomics-intelligence,bijux_proteomics_intelligence/domain/metrics/quality.py,basemodel
ToolResult,bijux-proteomics-runtime,bijux_proteomics_runtime/core/tooling.py,basemodel
ToolResultPayload,bijux-proteomics-runtime,bijux_proteomics_runtime/memory/schemas.py,basemodel
ToolStatus,bijux-proteomics-runtime,bijux_proteomics_runtime/core/status.py,strenum
TractabilityFlag,bijux-proteomics-core,bijux_proteomics/domain/targets.py,basemodel
TransitionAuditIssue,bijux-proteomics-intelligence,bijux_proteomics_intelligence/candidates.py,jsonmodel
TransitionListExportBundle,bijux-proteomics-core,bijux_proteomics/dia/__init__.py,jsonmodel
TransitionListExportEntry,bijux-proteomics-core,bijux_proteomics/dia/__init__.py,jsonmodel
TransitionReviewDisposition,bijux-proteomics-lab,bijux_proteomics_lab/handoffs.py,strenum
TrialIssueEntry,bijux-proteomics-core,bijux_proteomics/adoption/__init__.py,jsonmodel
TrustPolicy,bijux-proteomics-knowledge,bijux_proteomics_knowledge/evidence.py,jsonmodel
TrustScoreComponent,bijux-proteomics-core,bijux_proteomics/review/__init__.py,jsonmodel
TrustScoreDecomposition,bijux-proteomics-core,bijux_proteomics/review/__init__.py,jsonmodel
TrustScoreProvenance,bijux-proteomics-knowledge,bijux_proteomics_knowledge/evidence.py,jsonmodel
TrustScoreRule,bijux-proteomics-knowledge,bijux_proteomics_knowledge/evidence.py,jsonmodel
UbiquitinRemnantSiteWorkflowEntry,bijux-proteomics-core,bijux_proteomics/ptm/review.py,jsonmodel
UbiquitinRemnantWorkflowReport,bijux-proteomics-core,bijux_proteomics/ptm/review.py,jsonmodel
UncertaintyPreservingInterpretationSummary,bijux-proteomics-intelligence,bijux_proteomics_intelligence/evaluators.py,jsonmodel
UncertaintyPressureSummary,bijux-proteomics-intelligence,bijux_proteomics_intelligence/briefs.py,jsonmodel
UncertaintyReductionPlan,bijux-proteomics-lab,bijux_proteomics_lab/planning.py,jsonmodel
UnifiedCliWorkflowStoryReport,bijux-proteomics-core,bijux_proteomics/interfaces/api.py,jsonmodel
UnknownModificationHypothesis,bijux-proteomics-core,bijux_proteomics/chemistry/open_search_unknown_mod.py,jsonmodel
UnresolvedQuestion,bijux-proteomics-knowledge,bijux_proteomics_knowledge/graph.py,jsonmodel
UnresolvedQuestionLedger,bijux-proteomics-intelligence,bijux_proteomics_intelligence/evaluators.py,jsonmodel
UsageSimplificationCandidate,bijux-proteomics-core,bijux_proteomics/adoption/__init__.py,jsonmodel
UtcTimestamp,bijux-proteomics-foundation,bijux_proteomics_foundation/documents.py,jsonmodel
ValidationStageProgressionDecision,bijux-proteomics-core,bijux_proteomics/lab/operations.py,jsonmodel
ValidationStageProgressionInput,bijux-proteomics-core,bijux_proteomics/lab/operations.py,jsonmodel
ValidationStageProgressionPolicy,bijux-proteomics-core,bijux_proteomics/lab/operations.py,jsonmodel
VariableModificationEnumerationEntry,bijux-proteomics-core,bijux_proteomics/chemistry/__init__.py,jsonmodel
VariableModificationEnumerationReport,bijux-proteomics-core,bijux_proteomics/chemistry/__init__.py,jsonmodel
VersionInfo,bijux-proteomics-runtime,bijux_proteomics_runtime/api/v1/schema.py,basemodel
VersionInfo,bijux-proteomics-runtime,bijux_proteomics_runtime/runtime/context/output.py,basemodel
WetLabAutomationBoundaryInput,bijux-proteomics-core,bijux_proteomics/lab/planning.py,jsonmodel
WetLabAutomationBoundaryReport,bijux-proteomics-core,bijux_proteomics/lab/planning.py,jsonmodel
WorkflowApiCliParityIssue,bijux-proteomics-core,bijux_proteomics/workflow/reproducibility.py,jsonmodel
WorkflowApiCliParityReport,bijux-proteomics-core,bijux_proteomics/workflow/reproducibility.py,jsonmodel
WorkflowArchiveMedium,bijux-proteomics-core,bijux_proteomics/workflow/runtime.py,strenum
WorkflowArtifactKind,bijux-proteomics-core,bijux_proteomics/workflow/runtime.py,strenum
WorkflowBatchOutline,bijux-proteomics-lab,bijux_proteomics_lab/planning.py,jsonmodel
WorkflowBenchmarkReview,bijux-proteomics-intelligence,bijux_proteomics_intelligence/benchmark_reviews.py,jsonmodel
WorkflowBlueprintStepMapping,bijux-proteomics-core,bijux_proteomics/workflow/runtime.py,jsonmodel
WorkflowCacheEntry,bijux-proteomics-core,bijux_proteomics/workflow/runtime.py,jsonmodel
WorkflowCacheManifest,bijux-proteomics-core,bijux_proteomics/workflow/runtime.py,jsonmodel
WorkflowCacheMissExplanationEntry,bijux-proteomics-core,bijux_proteomics/workflow/runtime.py,jsonmodel
WorkflowCacheMissExplanationReport,bijux-proteomics-core,bijux_proteomics/workflow/runtime.py,jsonmodel
WorkflowCacheMissReason,bijux-proteomics-core,bijux_proteomics/workflow/runtime.py,strenum
WorkflowCacheProbe,bijux-proteomics-core,bijux_proteomics/workflow/reproducibility.py,jsonmodel
WorkflowCacheRecord,bijux-proteomics-core,bijux_proteomics/workflow/reproducibility.py,jsonmodel
WorkflowCacheReplayEntry,bijux-proteomics-core,bijux_proteomics/workflow/runs.py,jsonmodel
WorkflowCacheReplayReport,bijux-proteomics-core,bijux_proteomics/workflow/runs.py,jsonmodel
WorkflowCheckpoint,bijux-proteomics-core,bijux_proteomics/workflow/runtime.py,jsonmodel
WorkflowCheckpointStatus,bijux-proteomics-core,bijux_proteomics/workflow/runtime.py,strenum
WorkflowCheckpointStep,bijux-proteomics-core,bijux_proteomics/workflow/runtime.py,jsonmodel
WorkflowContainerMount,bijux-proteomics-core,bijux_proteomics/workflow/runtime.py,jsonmodel
WorkflowDagEdge,bijux-proteomics-core,bijux_proteomics/workflow/runtime.py,jsonmodel
WorkflowDagNode,bijux-proteomics-core,bijux_proteomics/workflow/runtime.py,jsonmodel
WorkflowDependencyMapping,bijux-proteomics-core,bijux_proteomics/benchmarks/__init__.py,jsonmodel
WorkflowDiffCategory,bijux-proteomics-core,bijux_proteomics/workflow/runtime.py,strenum
WorkflowDiffEntry,bijux-proteomics-core,bijux_proteomics/workflow/runtime.py,jsonmodel
WorkflowDiffReport,bijux-proteomics-core,bijux_proteomics/workflow/runtime.py,jsonmodel
WorkflowExecutionMode,bijux-proteomics-core,bijux_proteomics/workflow/runtime.py,strenum
WorkflowExecutionReadinessIssue,bijux-proteomics-core,bijux_proteomics/workflow/runtime.py,jsonmodel
WorkflowExecutionReadinessReport,bijux-proteomics-core,bijux_proteomics/workflow/runtime.py,jsonmodel
WorkflowExecutionStep,bijux-proteomics-core,bijux_proteomics/workflow/runtime.py,jsonmodel
WorkflowIdentity,bijux-proteomics-runtime,bijux_proteomics_runtime/runtime/context/contracts.py,jsonmodel
WorkflowInputAsset,bijux-proteomics-core,bijux_proteomics/workflow/runtime.py,jsonmodel
WorkflowInputRole,bijux-proteomics-core,bijux_proteomics/workflow/runtime.py,strenum
WorkflowManifestExplanationEntry,bijux-proteomics-core,bijux_proteomics/workflow/runtime.py,jsonmodel
WorkflowManifestExplanationReport,bijux-proteomics-core,bijux_proteomics/workflow/runtime.py,jsonmodel
WorkflowNarrative,bijux-proteomics-knowledge,bijux_proteomics_knowledge/references/narratives.py,jsonmodel
WorkflowNarrativeKind,bijux-proteomics-knowledge,bijux_proteomics_knowledge/references/narratives.py,strenum
WorkflowPathKind,bijux-proteomics-core,bijux_proteomics/workflow/runtime.py,strenum
WorkflowReadinessStep,bijux-proteomics-lab,bijux_proteomics_lab/workflow_readiness.py,jsonmodel
WorkflowReadinessSummary,bijux-proteomics-lab,bijux_proteomics_lab/workflow_readiness.py,jsonmodel
WorkflowReferenceBriefing,bijux-proteomics-knowledge,bijux_proteomics_knowledge/references/briefings.py,jsonmodel
WorkflowReplayOutcome,bijux-proteomics-core,bijux_proteomics/workflow/runs.py,strenum
WorkflowReplayProofEntry,bijux-proteomics-core,bijux_proteomics/workflow/runtime.py,jsonmodel
WorkflowReplayProofReport,bijux-proteomics-core,bijux_proteomics/workflow/runtime.py,jsonmodel
WorkflowRerunComparisonArtifact,bijux-proteomics-core,bijux_proteomics/workflow/runtime.py,jsonmodel
WorkflowResumeKind,bijux-proteomics-core,bijux_proteomics/workflow/runtime.py,strenum
WorkflowRunDiffCategory,bijux-proteomics-core,bijux_proteomics/workflow/reproducibility.py,strenum
WorkflowRunDiffEntry,bijux-proteomics-core,bijux_proteomics/workflow/reproducibility.py,jsonmodel
WorkflowRunDiffReport,bijux-proteomics-core,bijux_proteomics/workflow/reproducibility.py,jsonmodel
WorkflowRunDirectoryLayout,bijux-proteomics-core,bijux_proteomics/workflow/runtime.py,jsonmodel
WorkflowRunDirectoryLayoutEntry,bijux-proteomics-core,bijux_proteomics/workflow/runtime.py,jsonmodel
WorkflowRunHistoryArtifact,bijux-proteomics-core,bijux_proteomics/workflow/reproducibility.py,jsonmodel
WorkflowRunHistoryEntry,bijux-proteomics-core,bijux_proteomics/workflow/reproducibility.py,jsonmodel
WorkflowRunHistoryQuery,bijux-proteomics-core,bijux_proteomics/workflow/reproducibility.py,jsonmodel
WorkflowRunHistoryQueryReport,bijux-proteomics-core,bijux_proteomics/workflow/reproducibility.py,jsonmodel
WorkflowRunHistoryStatus,bijux-proteomics-core,bijux_proteomics/workflow/reproducibility.py,strenum
WorkflowRunSnapshot,bijux-proteomics-core,bijux_proteomics/workflow/reproducibility.py,jsonmodel
WorkflowRuntimeArchiveBundle,bijux-proteomics-core,bijux_proteomics/workflow/runtime.py,jsonmodel
WorkflowRuntimeArchiveImportReport,bijux-proteomics-core,bijux_proteomics/workflow/runtime.py,jsonmodel
WorkflowRuntimeExportBundle,bijux-proteomics-core,bijux_proteomics/workflow/runtime.py,jsonmodel
WorkflowRuntimeStateManifest,bijux-proteomics-core,bijux_proteomics/workflow/runtime.py,jsonmodel
WorkflowRuntimeValidationIssue,bijux-proteomics-core,bijux_proteomics/workflow/runtime.py,jsonmodel
WorkflowRuntimeValidationReport,bijux-proteomics-core,bijux_proteomics/workflow/runtime.py,jsonmodel
WorkflowSchedulerKind,bijux-proteomics-core,bijux_proteomics/workflow/runtime.py,strenum
WorkflowScientificSurface,bijux-proteomics-core,bijux_proteomics/workflow/runtime.py,strenum
WorkflowStageKind,bijux-proteomics-core,bijux_proteomics/workflow/blueprint.py,strenum
WorkflowStartupBenchmarkInput,bijux-proteomics-core,bijux_proteomics/benchmarks/__init__.py,jsonmodel
WorkflowStartupBenchmarkReport,bijux-proteomics-core,bijux_proteomics/benchmarks/__init__.py,jsonmodel
WorkflowState,bijux-proteomics-runtime,bijux_proteomics_runtime/core/status.py,strenum
WorkflowStepBlueprint,bijux-proteomics-core,bijux_proteomics/workflow/blueprint.py,jsonmodel
WorkflowStepExecutionStatus,bijux-proteomics-core,bijux_proteomics/workflow/reproducibility.py,strenum
WorkflowStepKind,bijux-proteomics-core,bijux_proteomics/workflow/runtime.py,strenum
WorkflowStepProvenanceEntry,bijux-proteomics-core,bijux_proteomics/workflow/runtime.py,jsonmodel
WorkflowStepProvenanceReport,bijux-proteomics-core,bijux_proteomics/workflow/runtime.py,jsonmodel
WorkflowStepReplayDisposition,bijux-proteomics-core,bijux_proteomics/workflow/runtime.py,strenum
WorkflowStepRunState,bijux-proteomics-core,bijux_proteomics/workflow/reproducibility.py,jsonmodel
WorkflowStreamingMode,bijux-proteomics-core,bijux_proteomics/workflow/runtime.py,strenum
WorkflowTemplateKind,bijux-proteomics-core,bijux_proteomics/workflow/runtime.py,strenum
XmlIdentificationBoundaryReport,bijux-proteomics-core,bijux_proteomics/io/ingestion.py,jsonmodel
